party_id,left_right,state_market,liberty_authority,eu_anti_pro,calculation_date
2,7.4,6.4,6.9,7.9,2023-11-04 21:48:01
3,6.2,5.7,7.1,8.3,2023-11-04 21:48:01
4,7.4,6.4,6.9,,2023-11-04 21:48:01
5,4.7622,4.7538,6.2779,8.2028,2023-11-04 21:48:01
6,9.3421,6.5789,7.1053,,2023-11-04 21:48:01
11,1.3,1.4,3.0,3.3,2023-11-04 21:48:01
15,6.86,6.29,6.33,7.7833,2023-11-04 21:48:01
16,6.6953,5.0282,7.6299,6.8549,2023-11-04 21:48:01
17,,,,,2023-11-04 21:48:01
18,3.3,3.5,3.5,8.1,2023-11-04 21:48:01
19,,,,,2023-11-04 21:48:01
20,8.5,3.75,8.62,3.45,2023-11-04 21:48:01
21,2.5,2.5,1.8,6.5,2023-11-04 21:48:01
25,,,,,2023-11-04 21:48:01
26,6.3249,8.0105,3.4159,6.4439,2023-11-04 21:48:01
27,1.3,1.4,3.0,0.0,2023-11-04 21:48:01
28,3.865,3.9,7.325,7.4667,2023-11-04 21:48:01
29,8.8,5.9,8.5,2.3,2023-11-04 21:48:01
30,,,,,2023-11-04 21:48:01
31,,,,,2023-11-04 21:48:01
32,1.864,2.1751,5.2767,5.7675,2023-11-04 21:48:01
35,1.8319,1.7579,1.2281,9.0614,2023-11-04 21:48:01
41,7.4,6.4,6.9,7.9,2023-11-04 21:48:01
42,,,,,2023-11-04 21:48:01
44,0.5275,0.937,4.5302,3.5075,2023-11-04 21:48:01
47,6.7365,6.9754,6.6712,8.9869,2023-11-04 21:48:01
50,8.3494,6.3291,8.5149,1.9815,2023-11-04 21:48:01
52,6.2,5.7,7.1,8.3,2023-11-04 21:48:01
53,1.3,1.4,3.0,,2023-11-04 21:48:01
55,3.3,3.5,3.5,8.1,2023-11-04 21:48:01
57,7.85,7.83,4.5,8.9667,2023-11-04 21:48:01
58,,,,,2023-11-04 21:48:01
59,7.0577,7.7993,6.1743,8.246,2023-11-04 21:48:01
61,6.0,6.7,3.6,,2023-11-04 21:48:01
62,6.2,5.7,7.1,8.3,2023-11-04 21:48:01
63,6.0,6.7,3.6,8.7,2023-11-04 21:48:01
64,3.0526,2.5965,1.7544,8.1754,2023-11-04 21:48:01
65,,,,,2023-11-04 21:48:01
66,,,,,2023-11-04 21:48:01
67,7.4,6.4,6.9,7.9,2023-11-04 21:48:01
73,,,,,2023-11-04 21:48:01
74,3.3,3.5,3.5,8.1,2023-11-04 21:48:01
77,3.3,3.5,3.5,8.1,2023-11-04 21:48:01
81,1.5839,1.3534,1.5038,1.1568,2023-11-04 21:48:01
82,,,,7.5,2023-11-04 21:48:01
86,3.3,3.5,3.5,,2023-11-04 21:48:01
87,7.4,6.4,6.9,7.9,2023-11-04 21:48:01
90,3.7719,6.7544,3.2456,8.6842,2023-11-04 21:48:01
92,7.4,6.4,6.9,7.9,2023-11-04 21:48:01
93,4.9704,5.8,5.1667,9.0278,2023-11-04 21:48:01
94,5.8027,4.9349,7.2203,5.5267,2023-11-04 21:48:01
95,9.6065,3.807,9.5894,0.9358,2023-11-04 21:48:01
99,5.9067,5.1167,7.5833,8.5,2023-11-04 21:48:01
104,3.3706,2.9574,2.7105,8.2933,2023-11-04 21:48:01
106,7.4,6.4,6.9,,2023-11-04 21:48:01
107,7.4,6.4,6.9,5.0,2023-11-04 21:48:01
108,3.3,3.5,3.5,8.1,2023-11-04 21:48:01
109,,,,,2023-11-04 21:48:01
110,8.8,5.9,8.5,2.3,2023-11-04 21:48:01
112,,,,,2023-11-04 21:48:01
113,7.8969,8.6246,5.2737,8.5715,2023-11-04 21:48:01
114,,,,,2023-11-04 21:48:01
118,2.0183,1.8937,1.7351,5.2186,2023-11-04 21:48:01
119,6.2,5.7,7.1,8.3,2023-11-04 21:48:01
120,3.7004,3.3684,1.1579,,2023-11-04 21:48:01
121,,,,,2023-11-04 21:48:01
123,,,,,2023-11-04 21:48:01
128,6.1667,5.145,7.7583,7.4426,2023-11-04 21:48:01
131,7.3591,7.4401,5.0433,9.3905,2023-11-04 21:48:01
133,,,,,2023-11-04 21:48:01
134,,,,,2023-11-04 21:48:01
135,7.1,6.7,3.6,8.7,2023-11-04 21:48:01
137,6.2,5.7,7.1,8.3,2023-11-04 21:48:01
138,7.4997,6.5934,7.1854,6.9862,2023-11-04 21:48:01
139,7.4,6.4,6.9,7.9,2023-11-04 21:48:01
141,1.6886,1.7263,1.0316,6.507,2023-11-04 21:48:01
142,4.6267,4.105,5.8567,9.0778,2023-11-04 21:48:01
143,3.3,3.5,3.5,8.1,2023-11-04 21:48:01
147,2.2222,2.5,1.8,,2023-11-04 21:48:01
148,5.7895,5.2632,6.9,2.6316,2023-11-04 21:48:01
151,1.3,1.4,3.0,,2023-11-04 21:48:01
152,,,,,2023-11-04 21:48:01
154,6.0,6.7,3.6,,2023-11-04 21:48:01
156,3.3,3.5,3.5,8.1,2023-11-04 21:48:01
161,2.641,2.3887,1.3744,7.5411,2023-11-04 21:48:01
163,3.3,3.5,3.5,,2023-11-04 21:48:01
167,2.5,3.5,3.5,8.1,2023-11-04 21:48:01
170,7.4,6.4,6.9,,2023-11-04 21:48:01
171,9.655,8.0831,9.1382,1.5539,2023-11-04 21:48:01
176,9.5762,4.0871,9.4093,1.8252,2023-11-04 21:48:01
177,3.3,3.5,3.5,8.1,2023-11-04 21:48:01
179,6.9996,5.6339,6.7947,8.804,2023-11-04 21:48:01
180,2.6486,2.6316,2.1902,9.1283,2023-11-04 21:48:01
181,8.8,5.9,8.5,2.3,2023-11-04 21:48:01
184,7.8222,6.2456,8.4561,,2023-11-04 21:48:01
187,8.8,5.9,8.5,2.3,2023-11-04 21:48:01
188,6.0,6.7,3.6,,2023-11-04 21:48:01
189,0.8,1.4,3.0,0.7333,2023-11-04 21:48:01
191,3.2687,3.7152,5.8514,5.2909,2023-11-04 21:48:01
196,4.123,3.8917,1.8596,7.8505,2023-11-04 21:48:01
198,,,,,2023-11-04 21:48:01
199,,,,,2023-11-04 21:48:01
200,6.6331,4.8745,7.999,1.0945,2023-11-04 21:48:01
202,,,,,2023-11-04 21:48:01
203,8.8,5.9,8.5,2.3,2023-11-04 21:48:01
205,3.3,3.5,3.5,,2023-11-04 21:48:01
207,3.997,2.008,7.3253,2.1473,2023-11-04 21:48:01
209,9.4097,8.5714,9.25,1.312,2023-11-04 21:48:01
210,1.1842,1.4474,1.6667,,2023-11-04 21:48:01
211,4.8736,5.318,2.3903,7.8594,2023-11-04 21:48:01
212,8.2963,6.0,8.5455,3.5447,2023-11-04 21:48:01
213,5.8695,5.9852,5.4033,8.9659,2023-11-04 21:48:01
214,8.6207,3.9035,9.3466,,2023-11-04 21:48:01
215,6.0,6.7,3.6,,2023-11-04 21:48:01
217,7.4,6.4,6.9,,2023-11-04 21:48:01
219,2.5,2.5,1.8,6.5,2023-11-04 21:48:01
220,3.3799,3.5124,3.6548,7.1697,2023-11-04 21:48:01
221,6.0,6.7,3.6,8.7,2023-11-04 21:48:01
224,1.3,1.4,3.0,5.0,2023-11-04 21:48:01
226,6.1092,5.1181,7.8038,7.128,2023-11-04 21:48:01
228,4.4444,3.5,3.5,,2023-11-04 21:48:01
229,1.3,1.4,3.0,0.55,2023-11-04 21:48:01
234,5.9789,5.9,5.7694,8.0278,2023-11-04 21:48:01
235,5.9376,5.8848,6.6882,7.7157,2023-11-04 21:48:01
238,6.2,5.7,7.1,8.3,2023-11-04 21:48:01
239,6.2,5.7,7.1,8.3,2023-11-04 21:48:01
240,8.8,5.9,8.5,2.3,2023-11-04 21:48:01
242,4.6206,3.915,2.99,8.8222,2023-11-04 21:48:01
243,7.4,6.4,6.9,7.9,2023-11-04 21:48:01
244,3.3,3.5,3.5,,2023-11-04 21:48:01
247,6.0,6.7,3.6,,2023-11-04 21:48:01
248,,,,,2023-11-04 21:48:01
249,7.4,6.4,6.9,,2023-11-04 21:48:01
251,8.0222,8.1963,8.9916,4.3909,2023-11-04 21:48:01
252,3.3,3.5,3.5,8.1,2023-11-04 21:48:01
254,3.3,3.5,3.5,8.1,2023-11-04 21:48:01
255,2.5,2.5,1.8,6.5,2023-11-04 21:48:01
256,1.3,1.4,3.0,3.3,2023-11-04 21:48:01
257,3.3,3.5,3.5,8.1,2023-11-04 21:48:01
259,7.8,7.25,7.875,2.2222,2023-11-04 21:48:01
260,1.3,1.4,3.0,1.95,2023-11-04 21:48:01
265,,,,,2023-11-04 21:48:01
267,8.8,5.9,8.5,2.3,2023-11-04 21:48:01
270,9.6854,7.4011,9.2889,0.2157,2023-11-04 21:48:01
272,,,,,2023-11-04 21:48:01
275,8.8,5.9,8.5,2.3,2023-11-04 21:48:01
276,7.1053,5.7018,6.9298,7.1053,2023-11-04 21:48:01
277,6.0,6.7,3.6,,2023-11-04 21:48:01
278,6.0,6.7,3.6,8.7,2023-11-04 21:48:01
279,6.0,6.7,3.6,,2023-11-04 21:48:01
280,6.0713,5.8991,6.9898,7.8389,2023-11-04 21:48:01
281,1.3,1.4,3.0,3.3,2023-11-04 21:48:01
282,7.195,6.7938,7.9997,7.8597,2023-11-04 21:48:01
285,7.6583,9.0,9.0,5.8333,2023-11-04 21:48:01
288,,,,,2023-11-04 21:48:01
290,6.5321,5.8809,6.06,6.4243,2023-11-04 21:48:01
292,,,,,2023-11-04 21:48:01
296,2.46,1.9195,1.1134,,2023-11-04 21:48:01
300,5.8067,5.6933,6.7724,8.2894,2023-11-04 21:48:01
301,,,,,2023-11-04 21:48:01
303,3.3,3.5,3.5,,2023-11-04 21:48:01
305,3.3,3.5,3.5,,2023-11-04 21:48:01
306,0.8912,1.2012,1.7524,0.9971,2023-11-04 21:48:01
307,1.3,1.4,3.0,3.3,2023-11-04 21:48:01
308,2.5,2.5,1.8,6.5,2023-11-04 21:48:01
309,1.25,2.1093,5.5837,4.8684,2023-11-04 21:48:01
310,2.5,1.5789,0.7895,,2023-11-04 21:48:01
311,3.1183,2.6251,3.7107,7.8314,2023-11-04 21:48:01
313,7.19,7.77,4.02,9.225,2023-11-04 21:48:01
316,9.386,3.1579,7.6842,1.8421,2023-11-04 21:48:01
317,1.3,1.4,3.0,3.3,2023-11-04 21:48:01
318,3.6252,3.353,3.1071,7.1292,2023-11-04 21:48:01
319,7.4,6.4,6.9,7.9,2023-11-04 21:48:01
321,,,,,2023-11-04 21:48:01
322,8.8,5.9,8.5,2.3,2023-11-04 21:48:01
323,8.8,5.9,8.5,2.3,2023-11-04 21:48:01
325,2.5,2.5,1.8,6.5,2023-11-04 21:48:01
326,3.3,3.5,3.5,8.1,2023-11-04 21:48:01
329,3.8377,2.8138,5.2851,5.7263,2023-11-04 21:48:01
332,3.3,3.5,3.5,8.1,2023-11-04 21:48:01
334,6.2,5.7,7.1,8.3,2023-11-04 21:48:01
335,4.2,3.6667,6.25,7.0833,2023-11-04 21:48:01
336,6.0,6.7,3.6,8.7,2023-11-04 21:48:01
339,,,,,2023-11-04 21:48:01
341,3.3,3.5,3.5,8.3333,2023-11-04 21:48:01
342,1.6,2.5,1.8,5.0,2023-11-04 21:48:01
345,4.5066,4.9917,1.7625,8.6233,2023-11-04 21:48:01
349,,,,,2023-11-04 21:48:01
351,8.7595,7.5,5.5388,6.119,2023-11-04 21:48:01
353,5.5263,5.7895,5.9398,8.9474,2023-11-04 21:48:01
354,3.0194,2.6316,3.5,,2023-11-04 21:48:01
356,6.29,6.71,4.43,9.7667,2023-11-04 21:48:01
357,1.3682,1.0421,4.2099,2.5049,2023-11-04 21:48:01
358,6.0,6.7,3.6,8.7,2023-11-04 21:48:01
360,3.7895,3.2632,4.6316,,2023-11-04 21:48:01
363,8.8,5.9,8.5,2.3,2023-11-04 21:48:01
364,8.8,5.9,8.5,2.3,2023-11-04 21:48:01
366,6.2,5.7,7.1,6.6667,2023-11-04 21:48:01
367,1.3,1.4,3.0,3.3,2023-11-04 21:48:01
368,5.0552,5.3509,3.4615,,2023-11-04 21:48:01
369,5.5556,5.7,7.1,8.3,2023-11-04 21:48:01
370,4.85,4.86,4.43,8.725,2023-11-04 21:48:01
373,8.0871,4.9559,8.8366,4.3389,2023-11-04 21:48:01
374,8.8,5.9,8.5,,2023-11-04 21:48:01
375,1.3,1.4,3.0,3.3,2023-11-04 21:48:01
376,6.0,6.7,3.6,8.7,2023-11-04 21:48:01
379,3.3,3.5,3.5,5.0,2023-11-04 21:48:01
380,4.6,3.8,2.6,7.3333,2023-11-04 21:48:01
382,2.6216,2.9825,2.0943,7.834,2023-11-04 21:48:01
383,9.8,2.25,8.6,1.0,2023-11-04 21:48:01
384,6.0,6.7,3.6,8.7,2023-11-04 21:48:01
385,,,,,2023-11-04 21:48:01
386,8.1579,5.3008,7.9649,,2023-11-04 21:48:01
387,1.3,1.4,3.0,,2023-11-04 21:48:01
390,1.3,1.4,3.0,,2023-11-04 21:48:01
393,3.3,3.5,3.5,,2023-11-04 21:48:01
395,3.5595,3.5454,4.2417,8.621,2023-11-04 21:48:01
397,6.0,6.7,3.6,8.7,2023-11-04 21:48:01
399,5.285,4.61,7.195,8.3833,2023-11-04 21:48:01
401,3.9896,4.1676,4.2381,7.9361,2023-11-04 21:48:01
402,3.8433,3.9133,3.5288,8.4641,2023-11-04 21:48:01
403,2.5,2.5,1.8,6.5,2023-11-04 21:48:01
404,5.67,5.89,5.14,1.5167,2023-11-04 21:48:01
405,5.8067,5.6933,6.7724,8.2894,2023-11-04 21:48:01
406,3.3,3.5,3.5,8.1,2023-11-04 21:48:01
407,,,,,2023-11-04 21:48:01
408,8.6587,4.0081,9.4332,2.0078,2023-11-04 21:48:01
409,7.4,6.4,6.9,7.9,2023-11-04 21:48:01
411,,,,,2023-11-04 21:48:01
412,8.8,5.9,8.5,2.3,2023-11-04 21:48:01
417,4.5812,4.8509,6.9474,6.0627,2023-11-04 21:48:01
418,1.3,1.4,3.0,3.3,2023-11-04 21:48:01
419,5.3875,5.1868,3.9647,9.5309,2023-11-04 21:48:01
421,7.4,6.4,6.9,7.9,2023-11-04 21:48:01
423,6.1111,5.7,7.1,8.3,2023-11-04 21:48:01
424,6.0,6.7,3.6,8.7,2023-11-04 21:48:01
425,,,,,2023-11-04 21:48:01
426,,,,,2023-11-04 21:48:01
427,6.2,5.7,7.1,5.8333,2023-11-04 21:48:01
428,8.4962,8.2456,6.1053,9.2632,2023-11-04 21:48:01
432,8.8,5.9,8.5,2.3,2023-11-04 21:48:01
433,1.3,1.4,3.0,3.3,2023-11-04 21:48:01
434,7.4,2.17,8.33,5.8333,2023-11-04 21:48:01
436,8.8,5.9,8.5,2.3,2023-11-04 21:48:01
437,6.5432,3.9949,7.5275,6.6143,2023-11-04 21:48:01
438,7.4,6.4,6.9,7.9,2023-11-04 21:48:01
439,5.5717,5.06,4.1541,,2023-11-04 21:48:01
440,8.1444,5.7,7.1,8.3,2023-11-04 21:48:01
441,,,,,2023-11-04 21:48:01
442,0.0714,0.2143,6.0,0.4762,2023-11-04 21:48:01
443,6.0417,5.7273,5.875,8.8769,2023-11-04 21:48:01
445,7.4,6.4,6.9,7.9,2023-11-04 21:48:01
446,7.4,6.4,6.9,,2023-11-04 21:48:01
448,3.0215,3.1207,2.2063,,2023-11-04 21:48:01
450,3.3333,3.5,3.5,8.1,2023-11-04 21:48:01
451,5.9473,5.8848,6.6882,7.7157,2023-11-04 21:48:01
453,,,,,2023-11-04 21:48:01
454,6.8551,7.2667,4.4381,9.0856,2023-11-04 21:48:01
456,8.5609,8.0776,4.7759,2.5798,2023-11-04 21:48:01
457,0.5263,0.8772,1.0526,,2023-11-04 21:48:01
458,7.2961,8.477,4.2441,7.6667,2023-11-04 21:48:01
460,2.6,3.5,3.5,8.1,2023-11-04 21:48:01
462,7.4,6.4,6.9,,2023-11-04 21:48:01
463,6.0,6.7,3.6,8.7,2023-11-04 21:48:01
465,1.3,1.4,3.0,3.3,2023-11-04 21:48:01
466,5.2632,5.3947,6.1184,6.7763,2023-11-04 21:48:01
467,2.57,2.3775,2.0139,4.9858,2023-11-04 21:48:01
470,8.8,5.9,8.5,2.3,2023-11-04 21:48:01
473,,,,,2023-11-04 21:48:01
474,,,,,2023-11-04 21:48:01
475,6.0,6.7,3.6,8.7,2023-11-04 21:48:01
482,7.7562,8.2271,2.8532,9.2244,2023-11-04 21:48:01
486,7.2222,6.7,3.6,8.7,2023-11-04 21:48:01
487,6.45,6.7,3.6,7.5,2023-11-04 21:48:01
488,6.2,5.7,7.1,8.3,2023-11-04 21:48:01
489,6.0,6.7,3.6,8.7,2023-11-04 21:48:01
491,6.0,6.7,3.6,,2023-11-04 21:48:01
493,6.2,5.7,7.1,8.3,2023-11-04 21:48:01
500,7.4,6.4,6.9,7.9,2023-11-04 21:48:01
501,6.5321,5.8809,6.06,6.4243,2023-11-04 21:48:01
502,5.75,4.5,8.0,6.0,2023-11-04 21:48:01
506,6.2201,5.5981,3.0,,2023-11-04 21:48:01
507,3.2661,2.8138,4.6154,7.3887,2023-11-04 21:48:01
509,6.1017,6.2021,5.4999,8.8995,2023-11-04 21:48:01
512,6.2355,8.236,3.7102,9.3705,2023-11-04 21:48:01
514,2.1754,1.6343,1.6291,2.0461,2023-11-04 21:48:01
516,1.3,1.4,3.0,3.3,2023-11-04 21:48:01
519,3.3333,3.5,3.5,8.1,2023-11-04 21:48:01
520,2.9117,2.81,2.9378,6.6096,2023-11-04 21:48:01
521,8.2588,6.4433,7.4251,7.0102,2023-11-04 21:48:01
523,1.3,1.4,3.0,3.3,2023-11-04 21:48:01
524,9.2752,6.1901,9.3871,0.941,2023-11-04 21:48:01
526,6.125,7.165,4.835,10.0,2023-11-04 21:48:01
527,1.3,1.4,3.0,3.3,2023-11-04 21:48:01
528,7.6997,4.0466,8.2514,5.4813,2023-11-04 21:48:01
529,5.3,4.9,6.5,5.4,2023-11-04 21:48:01
531,4.7288,5.6421,7.1414,6.3386,2023-11-04 21:48:01
534,,,,,2023-11-04 21:48:01
535,5.46,3.25,9.17,2.4333,2023-11-04 21:48:01
538,6.0,6.7,3.6,8.7,2023-11-04 21:48:01
542,9.4444,5.7,7.1,8.3,2023-11-04 21:48:01
543,5.9233,8.2173,3.0695,8.4855,2023-11-04 21:48:01
544,5.7567,5.8948,4.008,9.3468,2023-11-04 21:48:01
546,6.4826,5.0761,6.8263,8.4922,2023-11-04 21:48:01
547,8.2556,6.4,6.9,,2023-11-04 21:48:01
548,5.8333,5.9,8.5,2.3,2023-11-04 21:48:01
550,7.4,6.4,6.9,7.9,2023-11-04 21:48:01
551,6.0,6.7,3.6,8.7,2023-11-04 21:48:01
552,7.7778,6.4,6.9,7.9,2023-11-04 21:48:01
556,1.3,1.4,3.0,,2023-11-04 21:48:01
557,1.6425,1.9526,1.267,3.7018,2023-11-04 21:48:01
558,3.6451,3.8443,3.9791,7.9318,2023-11-04 21:48:01
559,6.5005,6.0172,6.1761,9.3803,2023-11-04 21:48:01
562,5.5556,1.4,3.0,3.3,2023-11-04 21:48:01
564,8.8,5.9,8.5,2.3,2023-11-04 21:48:01
565,3.3,3.5,3.5,8.1,2023-11-04 21:48:01
566,6.0,6.7,3.6,8.7,2023-11-04 21:48:01
569,2.5,2.5,1.8,2.5,2023-11-04 21:48:01
572,1.0526,2.6316,6.1842,,2023-11-04 21:48:01
574,4.1667,6.7,3.6,8.7,2023-11-04 21:48:01
581,3.86,4.29,5.8,8.5667,2023-11-04 21:48:01
585,6.3906,6.7295,3.8385,8.5284,2023-11-04 21:48:01
586,8.8,5.9,8.5,2.3,2023-11-04 21:48:01
587,6.0,6.7,3.6,,2023-11-04 21:48:01
588,7.4,6.4,6.9,,2023-11-04 21:48:01
590,7.2186,7.2931,6.5055,7.7791,2023-11-04 21:48:01
596,7.1459,7.913,6.5983,5.0946,2023-11-04 21:48:01
597,1.3,1.4,3.0,3.3,2023-11-04 21:48:01
599,6.6784,7.076,5.1974,7.6842,2023-11-04 21:48:01
600,8.8,5.9,8.5,2.3,2023-11-04 21:48:01
601,1.3,1.4,3.0,3.3,2023-11-04 21:48:01
602,4.9248,4.4498,7.5812,5.0504,2023-11-04 21:48:01
609,7.5789,4.7368,9.7895,1.0526,2023-11-04 21:48:01
610,,,,,2023-11-04 21:48:01
613,,,,,2023-11-04 21:48:01
614,1.253,0.8404,5.1503,0.2722,2023-11-04 21:48:01
615,2.9825,1.7053,4.349,,2023-11-04 21:48:01
617,9.0263,8.9751,3.6,,2023-11-04 21:48:01
618,5.3,4.9,6.5,5.4,2023-11-04 21:48:01
619,3.3333,4.9,6.5,5.4,2023-11-04 21:48:01
620,6.0,6.7,3.6,8.7,2023-11-04 21:48:01
622,3.3,3.5,3.5,8.1,2023-11-04 21:48:01
625,8.1444,5.8,8.6364,3.4848,2023-11-04 21:48:01
627,5.9067,5.1167,7.5833,8.5,2023-11-04 21:48:01
628,9.4247,6.2573,9.0409,0.2384,2023-11-04 21:48:01
629,2.8299,3.8505,1.8801,9.0872,2023-11-04 21:48:01
630,5.0317,5.9683,5.515,8.6833,2023-11-04 21:48:01
633,1.3,1.4,3.0,3.3,2023-11-04 21:48:01
636,8.8,5.9,8.5,2.3,2023-11-04 21:48:01
637,6.2,5.7,7.1,9.7167,2023-11-04 21:48:01
638,6.6,5.8,6.8,5.0,2023-11-04 21:48:01
640,6.0,6.7,3.6,8.7,2023-11-04 21:48:01
645,7.5969,7.619,7.8127,7.7368,2023-11-04 21:48:01
646,8.8,5.9,8.5,2.3,2023-11-04 21:48:01
647,5.1467,5.9148,3.2581,4.0766,2023-11-04 21:48:01
648,5.5556,5.9,8.5,2.3,2023-11-04 21:48:01
649,0.957,0.3618,2.6754,1.9649,2023-11-04 21:48:01
650,3.6389,2.5,1.8,7.6167,2023-11-04 21:48:01
651,8.0109,8.3901,3.7011,8.4528,2023-11-04 21:48:01
652,,,,,2023-11-04 21:48:01
653,5.5,4.5,4.75,5.0,2023-11-04 21:48:01
656,5.5714,5.8,5.8,9.0476,2023-11-04 21:48:01
657,7.8907,8.4089,5.6977,8.5872,2023-11-04 21:48:01
658,7.4997,6.5934,7.1854,6.9862,2023-11-04 21:48:01
659,4.2875,4.1064,2.6109,9.2231,2023-11-04 21:48:01
662,7.4,6.4,6.9,7.9,2023-11-04 21:48:01
664,4.1856,2.8942,6.5491,5.3573,2023-11-04 21:48:01
665,1.3,1.4,3.0,3.3,2023-11-04 21:48:01
669,4.2,5.0,3.4,2.85,2023-11-04 21:48:01
670,9.8,5.9,8.5,2.3,2023-11-04 21:48:01
671,6.0,6.7,3.6,8.7,2023-11-04 21:48:01
674,,,,,2023-11-04 21:48:01
675,6.2385,4.258,8.6845,7.5032,2023-11-04 21:48:01
676,6.0,6.7,3.6,8.7,2023-11-04 21:48:01
677,,,,,2023-11-04 21:48:01
678,6.6788,7.4912,6.0,,2023-11-04 21:48:01
681,,,,,2023-11-04 21:48:01
686,1.3741,1.056,4.5083,2.3595,2023-11-04 21:48:01
688,7.2204,7.5343,2.3792,9.4344,2023-11-04 21:48:01
689,1.3,1.4,3.0,3.3,2023-11-04 21:48:01
693,4.8712,4.5664,5.5255,7.1295,2023-11-04 21:48:01
695,,,,,2023-11-04 21:48:01
696,6.2,5.7,7.1,8.3,2023-11-04 21:48:01
701,3.2895,3.9474,1.3158,,2023-11-04 21:48:01
702,4.6565,2.807,5.7644,0.188,2023-11-04 21:48:01
706,3.0637,3.8001,2.9642,8.1513,2023-11-04 21:48:01
708,1.4,1.4,3.0,4.45,2023-11-04 21:48:01
709,6.4579,5.9079,7.3618,7.5877,2023-11-04 21:48:01
710,3.3,3.5,3.5,8.1,2023-11-04 21:48:01
713,6.6618,2.1497,9.5131,4.9488,2023-11-04 21:48:01
720,2.3,1.8286,5.5493,3.6349,2023-11-04 21:48:01
721,,,,,2023-11-04 21:48:01
723,5.7667,5.5876,7.2083,8.9013,2023-11-04 21:48:01
725,4.0492,4.2716,3.5411,9.2233,2023-11-04 21:48:01
729,,,,,2023-11-04 21:48:01
732,1.3,1.4,3.0,,2023-11-04 21:48:01
733,,,,,2023-11-04 21:48:01
742,3.6118,3.868,3.2028,7.9904,2023-11-04 21:48:01
743,6.0,6.7,3.6,8.7,2023-11-04 21:48:01
744,8.8,5.9,8.5,2.3,2023-11-04 21:48:01
748,6.0,6.7,3.6,8.7,2023-11-04 21:48:01
749,1.835,1.835,3.875,0.0917,2023-11-04 21:48:01
750,7.3575,8.9684,8.3385,0.6368,2023-11-04 21:48:01
751,1.5439,1.2982,0.5614,,2023-11-04 21:48:01
752,5.46,6.58,3.18,7.95,2023-11-04 21:48:01
753,,,,,2023-11-04 21:48:01
756,2.0454,2.1108,1.644,6.1973,2023-11-04 21:48:01
757,3.1072,2.9073,2.7325,7.0389,2023-11-04 21:48:01
759,6.0,6.7,3.6,8.7,2023-11-04 21:48:01
760,4.33,4.75,3.83,10.0,2023-11-04 21:48:01
761,,,,,2023-11-04 21:48:01
765,6.0,6.7,3.6,,2023-11-04 21:48:01
767,3.3,3.5,3.5,,2023-11-04 21:48:01
768,7.4,6.4,6.9,,2023-11-04 21:48:01
769,0.5,1.4,3.0,0.0,2023-11-04 21:48:01
771,,,,,2023-11-04 21:48:01
772,2.9308,4.3268,1.3251,7.6101,2023-11-04 21:48:01
773,7.4261,7.5725,7.1901,2.3243,2023-11-04 21:48:01
774,6.2,5.7,7.1,,2023-11-04 21:48:01
780,7.4,6.4,6.9,7.9,2023-11-04 21:48:01
784,6.9611,6.917,3.8431,9.7427,2023-11-04 21:48:01
786,,,,,2023-11-04 21:48:01
788,7.0417,2.1637,9.6842,,2023-11-04 21:48:01
789,3.0463,3.0031,4.2463,8.5647,2023-11-04 21:48:01
791,1.2152,1.0617,3.205,4.3508,2023-11-04 21:48:01
792,2.5,2.5,1.8,6.5,2023-11-04 21:48:01
793,,,,,2023-11-04 21:48:01
794,6.7112,6.9659,5.997,,2023-11-04 21:48:01
795,8.8,5.9,8.5,2.3,2023-11-04 21:48:01
796,1.3,1.4,3.0,3.3,2023-11-04 21:48:01
797,1.1111,2.5,1.8,2.5,2023-11-04 21:48:01
800,,,,,2023-11-04 21:48:01
801,7.4,6.4,6.9,7.9,2023-11-04 21:48:01
802,7.4,6.4,6.9,7.9,2023-11-04 21:48:01
805,0.7407,2.4163,5.2322,,2023-11-04 21:48:01
806,1.3,1.4,3.0,3.3,2023-11-04 21:48:01
808,6.2503,6.3498,6.9333,8.5024,2023-11-04 21:48:01
809,2.6277,3.1839,2.5869,9.069,2023-11-04 21:48:01
811,7.7544,7.7942,6.1316,9.0205,2023-11-04 21:48:01
812,,,,,2023-11-04 21:48:01
816,7.4,6.4,6.9,,2023-11-04 21:48:01
817,5.3,4.9,6.5,,2023-11-04 21:48:01
822,5.3,4.9,6.5,5.4,2023-11-04 21:48:01
825,,,,,2023-11-04 21:48:01
827,6.0,6.4,4.6,8.3333,2023-11-04 21:48:01
828,7.4,6.4,6.9,,2023-11-04 21:48:01
829,7.3637,7.8985,4.0087,4.456,2023-11-04 21:48:01
831,9.1778,5.9,8.5,2.3,2023-11-04 21:48:01
837,5.6871,4.4549,6.25,,2023-11-04 21:48:01
838,2.0348,1.8898,1.3726,8.7816,2023-11-04 21:48:01
840,6.2,5.7,7.1,8.3,2023-11-04 21:48:01
845,4.3115,4.7873,4.555,7.4841,2023-11-04 21:48:01
846,7.6169,6.414,7.3789,8.5189,2023-11-04 21:48:01
851,5.1316,4.0789,6.0526,,2023-11-04 21:48:01
856,4.2686,4.1125,4.9071,8.6647,2023-11-04 21:48:01
861,4.4444,6.7,3.6,8.7,2023-11-04 21:48:01
863,2.2,2.25,7.0,5.3333,2023-11-04 21:48:01
865,,,,,2023-11-04 21:48:01
870,9.0186,4.7149,8.6235,3.7053,2023-11-04 21:48:01
872,9.7778,5.9,8.5,2.3,2023-11-04 21:48:01
873,3.155,2.8774,1.4772,6.4585,2023-11-04 21:48:01
874,2.5,2.5,1.8,6.5,2023-11-04 21:48:01
875,6.0,6.7,3.6,8.7,2023-11-04 21:48:01
878,4.483,3.9889,3.5,,2023-11-04 21:48:01
882,1.5464,1.4121,2.4562,1.2042,2023-11-04 21:48:01
885,5.8695,5.9852,5.4033,9.0869,2023-11-04 21:48:01
886,3.3,3.5,3.5,8.1,2023-11-04 21:48:01
887,4.8833,6.25,4.2,9.0,2023-11-04 21:48:01
888,5.5341,4.9393,6.8421,8.8158,2023-11-04 21:48:01
889,3.3,3.5,3.5,8.1,2023-11-04 21:48:01
890,7.4,6.4,6.9,7.9,2023-11-04 21:48:01
891,6.0388,5.4386,6.9,,2023-11-04 21:48:01
892,6.2906,7.3062,2.8515,9.4643,2023-11-04 21:48:01
894,6.2564,6.3998,6.1104,8.7309,2023-11-04 21:48:01
896,5.0,5.0,5.0,6.6667,2023-11-04 21:48:01
897,8.7748,8.7668,9.0688,,2023-11-04 21:48:01
898,7.4,6.4,6.9,7.9,2023-11-04 21:48:01
900,,,,,2023-11-04 21:48:01
901,6.9873,3.797,8.499,8.6278,2023-11-04 21:48:01
902,3.7377,4.0098,3.0399,9.129,2023-11-04 21:48:01
904,3.4447,3.5655,4.4407,7.4445,2023-11-04 21:48:01
905,,,,,2023-11-04 21:48:01
906,6.0,6.7,3.6,8.7,2023-11-04 21:48:01
910,2.3725,2.9566,1.0675,7.4499,2023-11-04 21:48:01
912,7.4,6.4,6.9,7.9,2023-11-04 21:48:01
915,6.6889,7.1934,4.2102,8.3003,2023-11-04 21:48:01
917,6.1219,6.3158,6.9,,2023-11-04 21:48:01
920,5.3,4.9,6.5,5.4,2023-11-04 21:48:01
921,6.5432,3.9949,7.5275,6.6143,2023-11-04 21:48:01
923,5.3,4.9,6.5,5.4,2023-11-04 21:48:01
925,6.0,6.7,3.6,8.7,2023-11-04 21:48:01
927,,,,,2023-11-04 21:48:01
928,1.25,2.1093,5.5837,4.8684,2023-11-04 21:48:01
930,2.7778,3.5,3.5,,2023-11-04 21:48:01
936,6.6667,5.7,7.1,8.3,2023-11-04 21:48:01
938,1.3,1.4,3.0,,2023-11-04 21:48:01
940,2.6344,4.1367,3.121,,2023-11-04 21:48:01
944,6.0,6.7,3.6,8.7,2023-11-04 21:48:01
945,3.2895,4.7368,5.9211,,2023-11-04 21:48:01
947,,,,,2023-11-04 21:48:01
948,6.016,5.9825,3.8813,9.4801,2023-11-04 21:48:01
951,8.9944,8.0,6.0,7.5,2023-11-04 21:48:01
952,,,,,2023-11-04 21:48:01
955,4.8806,7.3667,1.8667,9.6125,2023-11-04 21:48:01
956,,,,,2023-11-04 21:48:01
957,7.4,6.4,6.9,7.9,2023-11-04 21:48:01
958,5.3875,5.1868,3.9647,9.5309,2023-11-04 21:48:01
961,4.0844,4.3378,4.41,9.6944,2023-11-04 21:48:01
962,6.0,6.7,3.6,8.7,2023-11-04 21:48:01
963,5.5556,2.5,1.8,6.5,2023-11-04 21:48:01
964,1.3,1.4,3.0,3.3,2023-11-04 21:48:01
967,6.5789,7.3684,2.7632,,2023-11-04 21:48:01
968,1.3833,1.0,3.0,5.8333,2023-11-04 21:48:01
969,6.1259,6.25,5.8,8.7274,2023-11-04 21:48:01
972,6.2,5.7,7.1,8.3,2023-11-04 21:48:01
973,3.7293,3.4728,3.4766,8.4495,2023-11-04 21:48:01
974,,,,,2023-11-04 21:48:01
976,8.8,5.9,8.5,,2023-11-04 21:48:01
978,9.0259,8.8396,6.6509,1.4475,2023-11-04 21:48:01
979,,,,,2023-11-04 21:48:01
980,7.4,6.4,6.9,,2023-11-04 21:48:01
981,4.7941,4.3938,6.0148,2.6754,2023-11-04 21:48:01
982,3.0064,2.9187,4.5029,8.1871,2023-11-04 21:48:01
983,7.7562,8.2271,2.8532,9.2244,2023-11-04 21:48:01
984,5.7143,4.6617,6.9173,,2023-11-04 21:48:01
987,8.8852,2.3257,9.7522,0.2933,2023-11-04 21:48:01
988,3.3,3.5,3.5,,2023-11-04 21:48:01
990,,,,,2023-11-04 21:48:01
993,9.6622,7.695,9.5234,2.756,2023-11-04 21:48:01
997,6.7193,7.2299,6.9,,2023-11-04 21:48:01
998,1.3,1.4,3.0,1.3833,2023-11-04 21:48:01
1000,6.2,5.7,7.1,8.3,2023-11-04 21:48:01
1001,4.6711,5.0216,6.0661,6.5643,2023-11-04 21:48:01
1002,,,,,2023-11-04 21:48:01
1003,4.2105,5.1128,6.3158,,2023-11-04 21:48:01
1005,3.9893,4.2347,4.7353,9.2935,2023-11-04 21:48:01
1006,4.0789,4.2982,1.0088,,2023-11-04 21:48:01
1009,6.0,6.7,3.6,8.7,2023-11-04 21:48:01
1010,6.0,6.7,3.6,8.7,2023-11-04 21:48:01
1011,,,,,2023-11-04 21:48:01
1012,6.2,5.7,7.1,8.3,2023-11-04 21:48:01
1013,6.4733,6.9485,7.6198,8.8451,2023-11-04 21:48:01
1014,1.3,1.4,3.0,3.3,2023-11-04 21:48:01
1015,6.0543,7.245,3.5474,9.6079,2023-11-04 21:48:01
1016,3.3,3.5,3.5,8.1,2023-11-04 21:48:01
1017,6.0,6.7,3.6,8.7,2023-11-04 21:48:01
1019,6.2,5.7,7.1,8.3,2023-11-04 21:48:01
1023,3.3,3.5,3.5,8.6667,2023-11-04 21:48:01
1026,2.4,1.4,3.0,7.2167,2023-11-04 21:48:01
1027,7.4,6.4,6.9,7.9,2023-11-04 21:48:01
1028,,,,,2023-11-04 21:48:01
1029,3.2459,3.0183,3.0805,7.9023,2023-11-04 21:48:01
1030,5.4,5.085,6.9,7.6083,2023-11-04 21:48:01
1033,6.0,6.7,3.6,,2023-11-04 21:48:01
1040,6.2,5.7,7.1,8.3,2023-11-04 21:48:01
1042,1.3,1.4,3.0,3.3,2023-11-04 21:48:01
1043,6.3377,6.8461,8.4916,8.1287,2023-11-04 21:48:01
1044,8.7719,3.5088,7.3684,3.3333,2023-11-04 21:48:01
1045,7.4004,6.694,7.1939,9.7006,2023-11-04 21:48:01
1047,7.9345,5.9719,8.3998,8.4866,2023-11-04 21:48:01
1048,3.3,3.5,3.5,8.1,2023-11-04 21:48:01
1049,7.7632,5.2632,5.0,,2023-11-04 21:48:01
1050,8.8,5.9,8.5,2.3,2023-11-04 21:48:01
1051,6.2,5.7,7.1,8.3,2023-11-04 21:48:01
1053,6.1556,3.5,3.5,,2023-11-04 21:48:01
1055,,,,,2023-11-04 21:48:01
1056,1.3,1.4,3.0,3.3,2023-11-04 21:48:01
1057,,,,,2023-11-04 21:48:01
1058,6.0,6.7,3.6,8.7,2023-11-04 21:48:01
1059,,,,,2023-11-04 21:48:01
1061,6.0,6.7,3.6,8.7,2023-11-04 21:48:01
1062,3.6465,3.4279,2.2671,6.9709,2023-11-04 21:48:01
1063,6.0,6.7,3.6,8.7,2023-11-04 21:48:01
1064,8.8,5.9,8.5,2.3,2023-11-04 21:48:01
1071,,,,,2023-11-04 21:48:01
1072,7.0198,4.5191,8.46,3.838,2023-11-04 21:48:01
1074,1.3,1.4,3.0,3.3,2023-11-04 21:48:01
1077,1.3,1.4,3.0,3.3,2023-11-04 21:48:01
1080,,,,,2023-11-04 21:48:01
1081,5.9649,4.8421,6.4912,7.3684,2023-11-04 21:48:01
1083,,,,,2023-11-04 21:48:01
1086,8.2,5.7,7.1,8.3,2023-11-04 21:48:01
1088,1.6,1.4,3.0,3.3,2023-11-04 21:48:01
1091,,,,,2023-11-04 21:48:01
1092,,,,,2023-11-04 21:48:01
1094,8.2,6.4,6.9,7.9,2023-11-04 21:48:01
1100,3.0,3.25,4.25,7.5,2023-11-04 21:48:01
1101,8.1721,7.5376,8.6774,1.0651,2023-11-04 21:48:01
1102,7.193,4.6491,5.5263,5.0877,2023-11-04 21:48:01
1104,5.2295,7.3132,2.1208,9.7641,2023-11-04 21:48:01
1105,4.75,4.5,3.75,2.5,2023-11-04 21:48:01
1108,3.3,3.5,3.5,8.1,2023-11-04 21:48:01
1109,6.0,6.7,3.6,8.7,2023-11-04 21:48:01
1110,7.0053,7.7639,3.7139,8.7549,2023-11-04 21:48:01
1113,3.255,3.0183,3.0805,7.6571,2023-11-04 21:48:01
1118,7.2451,7.6408,5.5872,9.0846,2023-11-04 21:48:01
1119,,,,,2023-11-04 21:48:01
1120,3.2325,2.4518,6.2794,8.6459,2023-11-04 21:48:01
1122,8.3333,,,,2023-11-04 21:48:01
1123,7.1111,6.7,3.6,8.7,2023-11-04 21:48:01
1124,6.0,6.7,3.6,,2023-11-04 21:48:01
1126,8.8,5.9,8.5,2.3,2023-11-04 21:48:01
1128,,,,,2023-11-04 21:48:01
1130,,,,,2023-11-04 21:48:01
1131,7.4,6.4,6.9,7.9,2023-11-04 21:48:01
1134,3.3,3.5,3.5,,2023-11-04 21:48:01
1136,8.2556,6.4,6.9,,2023-11-04 21:48:01
1137,3.9562,3.6421,4.9947,5.0118,2023-11-04 21:48:01
1140,3.0,4.67,1.43,8.5667,2023-11-04 21:48:01
1141,6.8239,5.2047,7.6316,6.7057,2023-11-04 21:48:01
1142,4.8914,4.8199,5.9161,7.2855,2023-11-04 21:48:01
1144,5.8333,6.7,3.6,8.7,2023-11-04 21:48:01
1145,6.2,5.7,7.1,8.3,2023-11-04 21:48:01
1146,7.4,6.4,6.9,,2023-11-04 21:48:01
1149,,,,,2023-11-04 21:48:01
1150,1.0526,2.5387,7.9257,,2023-11-04 21:48:01
1151,6.0,6.7,3.6,,2023-11-04 21:48:01
1154,3.3789,3.3866,2.5198,0.9875,2023-11-04 21:48:01
1158,2.5,2.5,1.8,,2023-11-04 21:48:01
1160,2.8982,2.9629,5.741,8.6402,2023-11-04 21:48:01
1161,3.7778,4.6316,3.4211,9.0,2023-11-04 21:48:01
1162,8.8,5.9,8.5,2.3,2023-11-04 21:48:01
1163,,,,,2023-11-04 21:48:01
1165,6.0,6.7,3.6,,2023-11-04 21:48:01
1166,,,,,2023-11-04 21:48:01
1167,0.5263,0.5835,1.6148,6.8893,2023-11-04 21:48:01
1168,3.3,3.5,3.5,,2023-11-04 21:48:01
1171,1.7729,2.2438,1.8,,2023-11-04 21:48:01
1172,6.0,6.7,3.6,,2023-11-04 21:48:01
1173,0.7498,1.2243,6.4265,2.4656,2023-11-04 21:48:01
1175,6.0,6.7,3.6,,2023-11-04 21:48:01
1176,0.0,1.4,3.0,3.3,2023-11-04 21:48:01
1179,9.11,5.33,9.63,2.3,2023-11-04 21:48:01
1180,7.2871,6.5615,7.8675,6.668,2023-11-04 21:48:01
1181,,,,,2023-11-04 21:48:01
1183,5.3,4.9,6.5,5.4,2023-11-04 21:48:01
1189,,,,,2023-11-04 21:48:01
1192,5.4974,5.3711,6.6409,8.7795,2023-11-04 21:48:01
1193,8.0252,4.8094,7.7747,,2023-11-04 21:48:01
1194,0.8,1.4,3.0,5.0,2023-11-04 21:48:01
1199,7.4,6.4,6.9,7.9,2023-11-04 21:48:01
1200,7.2404,7.945,1.9712,9.4714,2023-11-04 21:48:01
1202,0.6316,2.6842,5.809,3.3388,2023-11-04 21:48:01
1203,6.0,6.7,3.6,8.7,2023-11-04 21:48:01
1204,7.4,6.4,6.9,,2023-11-04 21:48:01
1205,1.3,1.4,3.0,3.3,2023-11-04 21:48:01
1206,6.1732,4.6769,8.6005,4.4157,2023-11-04 21:48:01
1208,,,,,2023-11-04 21:48:01
1209,6.0,6.7,3.6,8.7,2023-11-04 21:48:01
1210,8.3,6.4,6.9,7.9,2023-11-04 21:48:01
1211,,,,,2023-11-04 21:48:01
1213,7.4,6.4,6.9,7.9,2023-11-04 21:48:01
1216,1.3,1.4,3.0,3.3,2023-11-04 21:48:01
1218,2.9667,6.7,3.6,8.7,2023-11-04 21:48:01
1219,5.7167,6.7,3.6,9.05,2023-11-04 21:48:01
1221,7.1909,6.2727,5.9583,8.75,2023-11-04 21:48:01
1224,5.9944,6.7,3.6,8.7,2023-11-04 21:48:01
1225,3.3,3.5,3.5,,2023-11-04 21:48:01
1226,1.3,1.4,3.0,3.3,2023-11-04 21:48:01
1228,8.8,5.9,8.5,2.3,2023-11-04 21:48:01
1234,6.4474,6.7105,7.5,,2023-11-04 21:48:01
1235,7.4,6.4,6.9,7.9,2023-11-04 21:48:01
1239,1.0,1.4,3.0,0.4167,2023-11-04 21:48:01
1245,5.8099,6.0784,7.9119,8.4535,2023-11-04 21:48:01
1246,2.6216,2.9825,2.0943,7.834,2023-11-04 21:48:01
1250,8.8,5.9,8.5,2.3,2023-11-04 21:48:01
1251,8.7531,6.3487,9.7744,2.9307,2023-11-04 21:48:01
1252,3.7351,4.6316,2.5756,9.1901,2023-11-04 21:48:01
1253,3.8833,4.0351,3.2632,,2023-11-04 21:48:01
1254,7.4,6.4,6.9,7.9,2023-11-04 21:48:01
1255,8.6608,8.7668,9.0688,,2023-11-04 21:48:01
1257,5.5556,4.9,6.5,5.4,2023-11-04 21:48:01
1259,1.9018,2.2467,2.0327,,2023-11-04 21:48:01
1260,1.3,1.4,3.0,3.3,2023-11-04 21:48:01
1261,3.2,3.75,6.25,7.0,2023-11-04 21:48:01
1262,,,,,2023-11-04 21:48:01
1263,8.2786,8.5714,9.7143,0.5556,2023-11-04 21:48:01
1264,3.3,3.5,3.5,8.1,2023-11-04 21:48:01
1268,6.2,5.7,7.1,8.3,2023-11-04 21:48:01
1269,6.0,6.7,3.6,,2023-11-04 21:48:01
1272,7.8429,8.0938,7.8507,0.0,2023-11-04 21:48:01
1273,6.2949,6.8488,7.0224,8.4691,2023-11-04 21:48:01
1274,3.3,3.5,3.5,,2023-11-04 21:48:01
1275,,,,,2023-11-04 21:48:01
1276,1.3,1.4,3.0,3.3,2023-11-04 21:48:01
1277,3.1972,3.8262,5.2732,9.0702,2023-11-04 21:48:01
1278,3.9895,4.3906,3.208,7.0658,2023-11-04 21:48:01
1280,2.5,2.5,1.8,6.5,2023-11-04 21:48:01
1281,3.3,3.5,3.5,2.5,2023-11-04 21:48:01
1283,7.4,6.4,6.9,7.9,2023-11-04 21:48:01
1284,3.5871,3.0627,3.9623,7.8641,2023-11-04 21:48:01
1286,4.5828,4.413,6.229,9.0094,2023-11-04 21:48:01
1287,5.43,5.67,3.57,7.2167,2023-11-04 21:48:01
1292,2.1843,1.8661,3.3406,5.165,2023-11-04 21:48:01
1294,7.4,6.4,6.9,7.9,2023-11-04 21:48:01
1295,2.2233,1.48,2.6433,3.2,2023-11-04 21:48:01
1296,3.9732,7.0784,0.3338,8.2722,2023-11-04 21:48:01
1297,7.5636,6.4495,7.2219,7.2286,2023-11-04 21:48:01
1298,,,,,2023-11-04 21:48:01
1299,5.5556,4.9,6.5,5.4,2023-11-04 21:48:01
1303,6.9396,2.8146,9.7556,,2023-11-04 21:48:01
1304,1.7778,2.5,1.8,6.5,2023-11-04 21:48:01
1306,4.1667,3.5,3.5,,2023-11-04 21:48:01
1307,,,,,2023-11-04 21:48:01
1311,1.3,1.4,3.0,3.3,2023-11-04 21:48:01
1313,6.1219,6.3158,3.6,,2023-11-04 21:48:01
1315,7.4,6.4,6.9,7.9,2023-11-04 21:48:01
1317,0.5909,1.8,4.3889,3.25,2023-11-04 21:48:01
1318,8.6579,6.3816,9.4247,0.9868,2023-11-04 21:48:01
1319,1.3,1.4,3.0,,2023-11-04 21:48:01
1321,0.8849,0.6622,1.9878,3.5439,2023-11-04 21:48:01
1323,,,,,2023-11-04 21:48:01
1324,5.5609,4.8029,4.9307,9.1468,2023-11-04 21:48:01
1327,8.2556,6.7,3.6,,2023-11-04 21:48:01
1328,,,,,2023-11-04 21:48:01
1330,1.3,1.4,3.0,3.3,2023-11-04 21:48:01
1331,5.6982,5.0887,7.0474,5.8301,2023-11-04 21:48:01
1332,6.2,5.7,7.1,8.3,2023-11-04 21:48:01
1334,6.213,5.7287,5.8991,9.2308,2023-11-04 21:48:01
1335,3.3,3.5,3.5,8.1,2023-11-04 21:48:01
1338,4.4968,4.8797,3.6025,9.2535,2023-11-04 21:48:01
1339,3.3,3.5,3.5,,2023-11-04 21:48:01
1342,7.4854,7.6316,4.0351,,2023-11-04 21:48:01
1343,3.3,3.5,3.5,,2023-11-04 21:48:01
1351,7.4,6.4,6.9,7.9,2023-11-04 21:48:01
1355,7.1286,4.6148,8.1427,7.0491,2023-11-04 21:48:01
1357,9.5906,5.7895,8.1474,,2023-11-04 21:48:01
1358,,,,,2023-11-04 21:48:01
1359,,,,,2023-11-04 21:48:01
1360,2.2222,1.4,3.0,,2023-11-04 21:48:01
1361,6.2144,5.7468,6.5139,7.8556,2023-11-04 21:48:01
1362,6.3158,6.1053,2.8289,8.3158,2023-11-04 21:48:01
1363,,,,,2023-11-04 21:48:01
1365,,,,,2023-11-04 21:48:01
1367,2.75,2.38,1.88,6.6667,2023-11-04 21:48:01
1368,4.375,4.835,6.04,6.4583,2023-11-04 21:48:01
1370,,,,,2023-11-04 21:48:01
1371,6.0,6.7,3.6,8.7,2023-11-04 21:48:01
1374,7.4,6.4,6.9,10.0,2023-11-04 21:48:01
1375,5.8,6.0,5.44,8.3333,2023-11-04 21:48:01
1377,,,,,2023-11-04 21:48:01
1378,2.9307,2.5938,3.1712,8.1465,2023-11-04 21:48:01
1382,8.2675,5.6522,8.032,,2023-11-04 21:48:01
1384,1.8421,6.5789,1.7544,8.9474,2023-11-04 21:48:01
1389,7.4,6.4,6.9,7.9,2023-11-04 21:48:01
1392,7.8,6.4,6.9,,2023-11-04 21:48:01
1393,6.4372,6.1603,5.787,9.1708,2023-11-04 21:48:01
1395,7.4,6.4,6.9,7.9,2023-11-04 21:48:01
1396,,,,,2023-11-04 21:48:01
1399,,,,,2023-11-04 21:48:01
1400,8.8,5.9,8.5,,2023-11-04 21:48:01
1407,9.8,5.9,8.5,2.3,2023-11-04 21:48:01
1408,4.0,3.5,3.5,8.1,2023-11-04 21:48:01
1409,7.3482,7.8979,4.3887,5.9471,2023-11-04 21:48:01
1411,7.3903,8.4211,6.9825,,2023-11-04 21:48:01
1412,7.5714,6.7143,7.0,7.9488,2023-11-04 21:48:01
1414,7.5636,6.4495,7.2219,7.2286,2023-11-04 21:48:01
1415,3.2398,2.5658,1.9079,7.7961,2023-11-04 21:48:01
1418,8.2269,5.7081,7.8954,1.183,2023-11-04 21:48:01
1419,1.7786,3.2632,0.6667,,2023-11-04 21:48:01
1420,8.8,5.9,8.5,2.3,2023-11-04 21:48:01
1421,5.2955,4.9093,7.2116,7.3184,2023-11-04 21:48:01
1424,0.5,1.4,3.0,10.0,2023-11-04 21:48:01
1426,3.9659,7.7361,1.4381,9.7873,2023-11-04 21:48:01
1428,7.4,6.4,6.9,,2023-11-04 21:48:01
1429,2.4604,2.7489,1.4308,6.6845,2023-11-04 21:48:01
1431,6.2,5.7,7.1,8.3,2023-11-04 21:48:01
1432,7.1082,6.9698,8.8217,6.6998,2023-11-04 21:48:01
1435,7.8994,8.2957,3.584,9.5074,2023-11-04 21:48:01
1436,7.8007,7.9138,7.9003,3.2088,2023-11-04 21:48:01
1440,9.2,5.9,8.5,2.3,2023-11-04 21:48:01
1441,2.7683,2.6259,2.0238,6.8943,2023-11-04 21:48:01
1444,2.0757,1.1111,3.5,,2023-11-04 21:48:01
1446,1.3,1.4,3.0,3.3,2023-11-04 21:48:01
1447,9.8,2.25,8.6,1.0,2023-11-04 21:48:01
1448,4.1915,3.4667,3.1737,7.7982,2023-11-04 21:48:01
1450,2.585,2.415,3.875,0.5405,2023-11-04 21:48:01
1451,3.3,3.5,3.5,8.1,2023-11-04 21:48:01
1452,0.6,1.4,3.0,5.0,2023-11-04 21:48:01
1454,6.0,6.7,3.6,8.7,2023-11-04 21:48:01
1455,5.0365,5.6579,3.8596,,2023-11-04 21:48:01
1457,2.807,6.5789,1.4035,8.5965,2023-11-04 21:48:01
1458,,,,,2023-11-04 21:48:01
1460,6.0,6.7,3.6,8.7,2023-11-04 21:48:01
1461,5.8084,5.9903,6.0583,5.5679,2023-11-04 21:48:01
1462,,,,,2023-11-04 21:48:01
1463,7.1884,4.9438,8.3076,3.2103,2023-11-04 21:48:01
1465,6.2281,4.2982,7.807,6.2281,2023-11-04 21:48:01
1471,5.4776,8.6207,1.7423,,2023-11-04 21:48:01
1472,6.0,6.7,3.6,,2023-11-04 21:48:01
1475,3.7722,3.5,3.5,8.75,2023-11-04 21:48:01
1477,7.4,6.4,6.9,7.9,2023-11-04 21:48:01
1478,6.0,6.7,3.6,8.7,2023-11-04 21:48:01
1485,6.0543,7.245,3.5474,9.6079,2023-11-04 21:48:01
1487,6.0,6.7,3.6,8.7,2023-11-04 21:48:01
1491,5.7216,5.9852,5.4033,8.9659,2023-11-04 21:48:01
1492,4.0813,4.1676,4.2381,7.9361,2023-11-04 21:48:01
1493,3.2456,5.5263,2.3684,8.7719,2023-11-04 21:48:01
1495,6.0,6.7,3.6,8.7,2023-11-04 21:48:01
1496,7.8,6.4,6.9,7.9,2023-11-04 21:48:01
1500,8.8,5.9,8.5,2.3,2023-11-04 21:48:01
1501,8.8,8.29,6.57,0.9167,2023-11-04 21:48:01
1502,6.0,6.7,3.6,8.7,2023-11-04 21:48:01
1506,9.7256,5.8616,9.6118,0.9435,2023-11-04 21:48:01
1507,8.8,5.9,8.5,2.3,2023-11-04 21:48:01
1508,1.3,1.4,3.0,3.3,2023-11-04 21:48:01
1512,4.2263,4.2719,2.7009,7.1388,2023-11-04 21:48:01
1516,8.3333,6.7,3.6,8.7,2023-11-04 21:48:01
1518,7.3026,7.0789,5.6407,8.7865,2023-11-04 21:48:01
1520,1.25,2.1093,5.5837,4.8684,2023-11-04 21:48:01
1521,,,,,2023-11-04 21:48:01
1523,7.1053,6.0526,4.3421,,2023-11-04 21:48:01
1532,6.0929,6.5934,3.4947,8.3662,2023-11-04 21:48:01
1535,1.6579,2.1711,1.3158,3.8596,2023-11-04 21:48:01
1536,8.83,6.0,8.83,2.5,2023-11-04 21:48:01
1537,9.8246,4.2105,9.4219,0.7989,2023-11-04 21:48:01
1538,5.8516,4.5865,9.198,3.1003,2023-11-04 21:48:01
1539,3.2493,3.248,2.9367,7.9448,2023-11-04 21:48:01
1540,1.148,4.072,4.032,,2023-11-04 21:48:01
1541,8.8,5.9,8.5,2.3,2023-11-04 21:48:01
1543,6.0,6.7,3.6,8.7,2023-11-04 21:48:01
1544,5.2778,6.7,3.6,8.7,2023-11-04 21:48:01
1546,8.8,5.9,8.5,2.3,2023-11-04 21:48:01
1547,4.6,3.5,3.5,8.1,2023-11-04 21:48:01
1548,2.5,2.5,1.8,6.5,2023-11-04 21:48:01
1549,9.7368,9.4737,8.1579,2.3684,2023-11-04 21:48:01
1552,,,,,2023-11-04 21:48:01
1553,2.2222,4.9,6.5,5.4,2023-11-04 21:48:01
1556,4.3562,4.5741,4.2779,6.9923,2023-11-04 21:48:01
1557,8.375,6.54,7.585,6.6667,2023-11-04 21:48:01
1560,,,,,2023-11-04 21:48:01
1562,7.8,0.75,8.75,2.0,2023-11-04 21:48:01
1563,1.3,1.4,3.0,3.3,2023-11-04 21:48:01
1565,1.3,1.4,3.0,3.3,2023-11-04 21:48:01
1566,,,,,2023-11-04 21:48:01
1567,,,,,2023-11-04 21:48:01
1570,0.3684,1.7368,7.8289,2.8655,2023-11-04 21:48:01
1572,,,,,2023-11-04 21:48:01
1573,2.435,2.462,2.1754,3.0472,2023-11-04 21:48:01
1575,8.6842,7.3684,5.0,,2023-11-04 21:48:01
1576,,,,,2023-11-04 21:48:01
1580,1.8889,1.4,3.0,4.1667,2023-11-04 21:48:01
1582,8.8158,6.3158,7.5,,2023-11-04 21:48:01
1587,3.2292,3.225,5.0708,7.0936,2023-11-04 21:48:01
1589,7.4,6.4,6.9,7.9,2023-11-04 21:48:01
1590,2.0282,2.9413,6.3158,4.9241,2023-11-04 21:48:01
1591,2.8743,5.5702,3.5897,9.6567,2023-11-04 21:48:01
1592,2.8947,2.9123,2.0066,7.1382,2023-11-04 21:48:01
1593,1.3,1.4,3.0,3.3,2023-11-04 21:48:01
1594,2.5762,2.0089,1.0234,7.2593,2023-11-04 21:48:01
1595,5.3,4.9,6.5,5.4,2023-11-04 21:48:01
1597,8.4962,8.2456,6.1053,9.2632,2023-11-04 21:48:01
1599,,,,,2023-11-04 21:48:01
1601,3.3,3.5,3.5,8.1,2023-11-04 21:48:01
1602,8.0556,5.9,8.5,0.0,2023-11-04 21:48:01
1605,7.292,7.3696,4.9957,9.0268,2023-11-04 21:48:01
1606,6.0,6.7,3.6,0.2333,2023-11-04 21:48:01
1608,3.3,3.5,3.5,8.1,2023-11-04 21:48:01
1613,8.8,5.9,8.5,2.3,2023-11-04 21:48:01
1615,7.3684,5.2632,6.3158,9.4737,2023-11-04 21:48:01
1616,6.0,6.7,3.6,8.7,2023-11-04 21:48:01
1617,,,,,2023-11-04 21:48:01
1619,2.5,2.5,1.8,6.5,2023-11-04 21:48:01
1620,7.4,6.4,6.9,7.9,2023-11-04 21:48:01
1621,5.7895,5.5263,5.7895,,2023-11-04 21:48:01
1623,1.3,1.4,3.0,3.3,2023-11-04 21:48:01
1624,6.0,6.7,3.6,8.7,2023-11-04 21:48:01
1627,3.4211,6.2281,2.5439,9.2105,2023-11-04 21:48:01
1629,3.8011,3.5292,4.2722,7.4311,2023-11-04 21:48:01
1632,2.645,2.75,8.0,6.525,2023-11-04 21:48:01
1633,5.6611,5.7,7.1,8.9667,2023-11-04 21:48:01
1634,,,,,2023-11-04 21:48:01
1636,5.6,,,,2023-11-04 21:48:01
1638,0.4089,0.5764,1.0,0.4511,2023-11-04 21:48:01
1639,2.5,2.5,1.8,6.5,2023-11-04 21:48:01
1644,2.1347,2.1035,2.1476,3.5917,2023-11-04 21:48:01
1645,8.4211,8.4211,8.4211,2.6316,2023-11-04 21:48:01
1647,8.3821,6.2657,7.5731,2.5359,2023-11-04 21:48:01
1649,,,,,2023-11-04 21:48:01
1650,6.2,5.7,7.1,,2023-11-04 21:48:01
1651,4.8111,3.5,3.5,8.1,2023-11-04 21:48:01
1655,,,,,2023-11-04 21:48:01
1656,2.5,2.625,6.835,6.875,2023-11-04 21:48:01
1657,2.5,2.5,1.8,6.5,2023-11-04 21:48:01
1659,,,,,2023-11-04 21:48:01
1660,7.4,6.4,6.9,,2023-11-04 21:48:01
1661,1.0423,0.9046,1.2704,4.5086,2023-11-04 21:48:01
1666,7.4,6.4,6.9,7.9,2023-11-04 21:48:01
1667,7.4,6.4,6.9,7.9,2023-11-04 21:48:01
1671,7.4,6.4,6.9,7.9,2023-11-04 21:48:01
1678,6.2,5.7,7.1,8.3,2023-11-04 21:48:01
1679,7.4,6.4,6.9,7.9,2023-11-04 21:48:01
1680,7.4,6.4,6.9,7.9,2023-11-04 21:48:01
1691,6.0,6.7,3.6,8.7,2023-11-04 21:48:01
1701,7.4,6.4,6.9,7.9,2023-11-04 21:48:01
1702,7.4,6.4,6.9,7.9,2023-11-04 21:48:01
1710,6.2,5.7,7.1,8.3,2023-11-04 21:48:01
1712,6.2,5.7,7.1,8.3,2023-11-04 21:48:01
1718,1.3,1.4,3.0,3.3,2023-11-04 21:48:01
1720,8.8,5.9,8.5,2.3,2023-11-04 21:48:01
1722,7.4,6.4,6.9,,2023-11-04 21:48:01
1723,1.3,1.4,3.0,,2023-11-04 21:48:01
1724,3.3,3.5,3.5,,2023-11-04 21:48:01
1726,7.4,6.4,6.9,,2023-11-04 21:48:01
1727,6.2503,6.3498,6.9333,8.5024,2023-11-04 21:48:01
1733,6.0,6.7,3.6,,2023-11-04 21:48:01
1734,7.4,6.4,6.9,,2023-11-04 21:48:01
1735,,,,,2023-11-04 21:48:01
1736,1.3,1.4,3.0,,2023-11-04 21:48:01
1737,1.3,1.4,3.0,,2023-11-04 21:48:01
1738,3.3,3.5,3.5,,2023-11-04 21:48:01
1739,2.5,2.5,1.8,6.5,2023-11-04 21:48:01
1740,2.5,2.5,1.8,6.5,2023-11-04 21:48:01
1743,8.8,5.9,8.5,2.3,2023-11-04 21:48:01
1744,,,,,2023-11-04 21:48:01
1745,,,,,2023-11-04 21:48:01
1746,3.3,3.5,3.5,8.1,2023-11-04 21:48:01
1750,,,,,2023-11-04 21:48:01
1752,6.2,5.7,7.1,8.3,2023-11-04 21:48:01
1755,7.4,6.4,6.9,,2023-11-04 21:48:01
1758,7.4,6.4,6.9,7.9,2023-11-04 21:48:01
1759,7.4,6.4,6.9,7.9,2023-11-04 21:48:01
1760,6.0,6.7,3.6,,2023-11-04 21:48:01
1761,2.5,2.5,1.8,,2023-11-04 21:48:01
1768,8.8,5.9,8.5,,2023-11-04 21:48:01
1771,7.4,6.4,6.9,7.9,2023-11-04 21:48:01
1772,1.3,1.4,3.0,3.3,2023-11-04 21:48:01
1773,1.3,1.4,3.0,3.3,2023-11-04 21:48:01
1776,8.8,5.9,8.5,,2023-11-04 21:48:01
1777,6.0,6.7,3.6,,2023-11-04 21:48:01
1778,,,,,2023-11-04 21:48:01
1779,1.3,1.4,3.0,,2023-11-04 21:48:01
1781,2.5,2.5,1.8,6.5,2023-11-04 21:48:01
1782,,,,,2023-11-04 21:48:01
1783,,,,,2023-11-04 21:48:01
1790,4.2083,4.2273,3.7083,9.1667,2023-11-04 21:48:01
1792,,,,,2023-11-04 21:48:01
1794,8.8,5.9,8.5,2.3,2023-11-04 21:48:01
1796,5.3,4.9,6.5,5.4,2023-11-04 21:48:01
1804,1.3,1.4,3.0,3.3,2023-11-04 21:48:01
1806,,,,,2023-11-04 21:48:01
1812,,,,,2023-11-04 21:48:01
1816,8.8,5.9,8.5,,2023-11-04 21:48:01
1821,,,,,2023-11-04 21:48:01
1822,6.0,6.7,3.6,,2023-11-04 21:48:01
1824,,,,,2023-11-04 21:48:01
1827,,,,,2023-11-04 21:48:01
1828,,,,,2023-11-04 21:48:01
1829,,,,,2023-11-04 21:48:01
1831,7.4,6.4,6.9,,2023-11-04 21:48:01
1832,,,,,2023-11-04 21:48:01
1833,,,,,2023-11-04 21:48:01
1834,,,,,2023-11-04 21:48:01
1835,,,,,2023-11-04 21:48:01
1837,,,,,2023-11-04 21:48:01
1838,,,,,2023-11-04 21:48:01
1839,,,,,2023-11-04 21:48:01
1841,7.4,6.4,6.9,,2023-11-04 21:48:01
1845,8.8,5.9,8.5,,2023-11-04 21:48:01
1846,,,,,2023-11-04 21:48:01
1850,5.4776,8.6207,1.7423,,2023-11-04 21:48:01
1862,7.4,6.4,6.9,,2023-11-04 21:48:01
1863,6.0,6.7,3.6,,2023-11-04 21:48:01
1867,3.3,3.5,3.5,,2023-11-04 21:48:01
1870,6.0,6.7,3.6,,2023-11-04 21:48:01
1873,,,,,2023-11-04 21:48:01
1889,6.0,6.7,3.6,,2023-11-04 21:48:01
1891,1.3,1.4,3.0,3.3,2023-11-04 21:48:01
1892,7.4,6.4,6.9,7.9,2023-11-04 21:48:01
1894,3.3,3.5,3.5,8.1,2023-11-04 21:48:01
1897,,,,,2023-11-04 21:48:01
1898,7.4,6.4,6.9,,2023-11-04 21:48:01
1903,,,,,2023-11-04 21:48:01
1904,6.0,6.7,3.6,,2023-11-04 21:48:01
1905,8.8,5.9,8.5,,2023-11-04 21:48:01
1906,6.0,6.7,3.6,,2023-11-04 21:48:01
1908,1.3,1.4,3.0,,2023-11-04 21:48:01
1911,,,,,2023-11-04 21:48:01
1912,7.4,6.4,6.9,,2023-11-04 21:48:01
1913,5.3,4.9,6.5,,2023-11-04 21:48:01
1914,7.4,6.4,6.9,,2023-11-04 21:48:01
1917,7.4,6.4,6.9,,2023-11-04 21:48:01
1918,,,,,2023-11-04 21:48:01
1919,3.3,3.5,3.5,,2023-11-04 21:48:01
1920,7.4,6.4,6.9,,2023-11-04 21:48:01
1922,1.3,1.4,3.0,,2023-11-04 21:48:01
1925,7.4,6.4,6.9,,2023-11-04 21:48:01
1927,6.0,6.7,3.6,,2023-11-04 21:48:01
1928,7.4,6.4,6.9,,2023-11-04 21:48:01
1929,5.3,4.9,6.5,,2023-11-04 21:48:01
1935,7.4,6.4,6.9,,2023-11-04 21:48:01
1936,,,,,2023-11-04 21:48:01
1938,6.0,6.7,3.6,,2023-11-04 21:48:01
1939,5.3,4.9,6.5,,2023-11-04 21:48:01
1941,,,,,2023-11-04 21:48:01
1942,7.4,6.4,6.9,7.9,2023-11-04 21:48:01
1945,6.0,6.7,3.6,8.7,2023-11-04 21:48:01
1946,8.8,5.9,8.5,2.3,2023-11-04 21:48:01
1951,3.3,3.5,3.5,8.1,2023-11-04 21:48:01
1954,8.8,5.9,8.5,2.3,2023-11-04 21:48:01
1957,2.5,2.5,1.8,6.5,2023-11-04 21:48:01
1960,6.0,6.7,3.6,8.7,2023-11-04 21:48:01
1964,,,,,2023-11-04 21:48:01
1967,,,,,2023-11-04 21:48:01
1968,1.3,1.4,3.0,,2023-11-04 21:48:01
1969,8.8,5.9,8.5,,2023-11-04 21:48:01
1970,3.3,3.5,3.5,8.1,2023-11-04 21:48:01
1972,,,,,2023-11-04 21:48:01
1973,7.4,6.4,6.9,,2023-11-04 21:48:01
1987,3.3,3.5,3.5,8.1,2023-11-04 21:48:01
1988,6.0,6.7,3.6,8.7,2023-11-04 21:48:01
1989,3.3,3.5,3.5,8.1,2023-11-04 21:48:01
2001,,,,,2023-11-04 21:48:01
2002,3.3,3.5,3.5,8.1,2023-11-04 21:48:01
2003,3.3,3.5,3.5,,2023-11-04 21:48:01
2004,7.4,6.4,6.9,,2023-11-04 21:48:01
2005,7.4,6.4,6.9,,2023-11-04 21:48:01
2007,7.4,6.4,6.9,7.9,2023-11-04 21:48:01
2009,2.5,2.5,1.8,6.5,2023-11-04 21:48:01
2011,6.0,6.7,3.6,,2023-11-04 21:48:01
2013,6.0,6.7,3.6,8.7,2023-11-04 21:48:01
2015,1.3,1.4,3.0,3.3,2023-11-04 21:48:01
2019,,,,,2023-11-04 21:48:01
2022,,,,,2023-11-04 21:48:01
2024,6.0,6.7,3.6,8.7,2023-11-04 21:48:01
2025,,,,,2023-11-04 21:48:01
2026,8.8,5.9,8.5,2.3,2023-11-04 21:48:01
2028,1.3,1.4,3.0,3.3,2023-11-04 21:48:01
2029,,,,,2023-11-04 21:48:01
2030,,,,,2023-11-04 21:48:01
2031,,,,,2023-11-04 21:48:01
2033,8.8,5.9,8.5,2.3,2023-11-04 21:48:01
2034,,,,,2023-11-04 21:48:01
2036,,,,,2023-11-04 21:48:01
2037,,,,,2023-11-04 21:48:01
2039,,,,,2023-11-04 21:48:01
2040,3.3,3.5,3.5,8.1,2023-11-04 21:48:01
2041,6.0,6.7,3.6,8.7,2023-11-04 21:48:01
2042,6.0,6.7,3.6,8.7,2023-11-04 21:48:01
2043,3.3,3.5,3.5,,2023-11-04 21:48:01
2044,6.0,6.7,3.6,8.7,2023-11-04 21:48:01
2052,,,,,2023-11-04 21:48:01
2053,,,,,2023-11-04 21:48:01
2054,,,,,2023-11-04 21:48:01
2055,,,,,2023-11-04 21:48:01
2056,,,,,2023-11-04 21:48:01
2057,,,,,2023-11-04 21:48:01
2058,,,,,2023-11-04 21:48:01
2059,,,,,2023-11-04 21:48:01
2061,7.4,6.4,6.9,7.9,2023-11-04 21:48:01
2062,,,,,2023-11-04 21:48:01
2063,6.2,5.7,7.1,8.3,2023-11-04 21:48:01
2064,1.3,1.4,3.0,3.3,2023-11-04 21:48:01
2067,,,,,2023-11-04 21:48:01
2068,7.4,6.4,6.9,,2023-11-04 21:48:01
2069,7.4,6.4,6.9,,2023-11-04 21:48:01
2070,,,,,2023-11-04 21:48:01
2072,6.2,5.7,7.1,,2023-11-04 21:48:01
2073,,,,,2023-11-04 21:48:01
2074,,,,,2023-11-04 21:48:01
2075,6.0,6.7,3.6,,2023-11-04 21:48:01
2076,1.3,1.4,3.0,,2023-11-04 21:48:01
2077,,,,,2023-11-04 21:48:01
2078,6.0,6.7,3.6,8.7,2023-11-04 21:48:01
2079,8.8,5.9,8.5,2.3,2023-11-04 21:48:01
2080,,,,,2023-11-04 21:48:01
2083,1.3,1.4,3.0,3.3,2023-11-04 21:48:01
2084,6.2,5.7,7.1,8.3,2023-11-04 21:48:01
2085,6.0,6.7,3.6,,2023-11-04 21:48:01
2087,7.4,6.4,6.9,7.9,2023-11-04 21:48:01
2088,7.4,6.4,6.9,7.9,2023-11-04 21:48:01
2091,8.8,5.9,8.5,2.3,2023-11-04 21:48:01
2092,8.8,5.9,8.5,2.3,2023-11-04 21:48:01
2093,3.3,3.5,3.5,8.1,2023-11-04 21:48:01
2094,6.0,6.7,3.6,8.7,2023-11-04 21:48:01
2095,7.4,6.4,6.9,7.9,2023-11-04 21:48:01
2096,6.0,6.7,3.6,8.7,2023-11-04 21:48:01
2097,1.3,1.4,3.0,0.0,2023-11-04 21:48:01
2098,,,,,2023-11-04 21:48:01
2099,6.0,6.7,3.6,8.7,2023-11-04 21:48:01
2100,,,,,2023-11-04 21:48:01
2101,5.3,4.9,6.5,5.4,2023-11-04 21:48:01
2102,7.4,6.4,6.9,7.9,2023-11-04 21:48:01
2103,,,,,2023-11-04 21:48:01
2104,1.3,1.4,3.0,3.3,2023-11-04 21:48:01
2105,1.3,1.4,3.0,3.3,2023-11-04 21:48:01
2106,,,,,2023-11-04 21:48:01
2109,,,,,2023-11-04 21:48:01
2110,,,,,2023-11-04 21:48:01
2111,,,,,2023-11-04 21:48:01
2112,,,,,2023-11-04 21:48:01
2114,6.0,6.7,3.6,,2023-11-04 21:48:01
2115,2.5,2.5,1.8,,2023-11-04 21:48:01
2116,5.3,4.9,6.5,,2023-11-04 21:48:01
2121,,,,,2023-11-04 21:48:01
2122,6.0,6.7,3.6,8.7,2023-11-04 21:48:01
2123,7.4,6.4,6.9,7.9,2023-11-04 21:48:01
2124,6.2,5.7,7.1,8.3,2023-11-04 21:48:01
2125,6.0,6.7,3.6,8.7,2023-11-04 21:48:01
2129,6.2,5.7,7.1,8.3,2023-11-04 21:48:01
2130,1.3,1.4,3.0,3.3,2023-11-04 21:48:01
2133,3.3,3.5,3.5,8.1,2023-11-04 21:48:01
2134,,,,,2023-11-04 21:48:01
2135,8.8,5.9,8.5,2.3,2023-11-04 21:48:01
2136,7.4,6.4,6.9,,2023-11-04 21:48:01
2139,6.0,6.7,3.6,,2023-11-04 21:48:01
2140,6.0,6.7,3.6,,2023-11-04 21:48:01
2141,,,,,2023-11-04 21:48:01
2142,3.3,3.5,3.5,,2023-11-04 21:48:01
2143,1.3,1.4,3.0,3.3,2023-11-04 21:48:01
2146,,,,,2023-11-04 21:48:01
2147,1.3,1.4,3.0,3.3,2023-11-04 21:48:01
2148,,,,,2023-11-04 21:48:01
2149,,,,,2023-11-04 21:48:01
2150,6.0,6.7,3.6,8.7,2023-11-04 21:48:01
2153,6.0,6.7,3.6,8.7,2023-11-04 21:48:01
2154,8.8,5.9,8.5,2.3,2023-11-04 21:48:01
2155,,,,,2023-11-04 21:48:01
2156,6.0,6.7,3.6,8.7,2023-11-04 21:48:01
2158,6.0,6.7,3.6,8.7,2023-11-04 21:48:01
2160,7.4,6.4,6.9,7.9,2023-11-04 21:48:01
2162,,,,,2023-11-04 21:48:01
2163,2.5,2.5,1.8,3.3333,2023-11-04 21:48:01
2164,2.5,2.5,1.8,6.5,2023-11-04 21:48:01
2165,3.3,3.5,3.5,8.1,2023-11-04 21:48:01
2166,6.0,6.7,3.6,8.7,2023-11-04 21:48:01
2167,7.4,6.4,6.9,7.9,2023-11-04 21:48:01
2168,,,,,2023-11-04 21:48:01
2169,,,,,2023-11-04 21:48:01
2170,3.3,3.5,3.5,8.1,2023-11-04 21:48:01
2171,,,,,2023-11-04 21:48:01
2172,,,,,2023-11-04 21:48:01
2173,5.3,4.9,6.5,5.4,2023-11-04 21:48:01
2174,3.3,3.5,3.5,8.1,2023-11-04 21:48:01
2175,6.0,6.7,3.6,8.7,2023-11-04 21:48:01
2176,6.0,6.7,3.6,8.7,2023-11-04 21:48:01
2177,7.4,6.4,6.9,7.9,2023-11-04 21:48:01
2178,,,,,2023-11-04 21:48:01
2179,3.3,3.5,3.5,8.1,2023-11-04 21:48:01
2180,2.5,2.5,1.8,6.5,2023-11-04 21:48:01
2181,8.8,5.9,8.5,2.3,2023-11-04 21:48:01
2182,1.3,1.4,3.0,3.3,2023-11-04 21:48:01
2185,6.2,5.7,7.1,8.3,2023-11-04 21:48:01
2186,2.5,2.5,1.8,6.5,2023-11-04 21:48:01
2188,2.5,2.5,1.8,6.5,2023-11-04 21:48:01
2190,,,,,2023-11-04 21:48:01
2191,,,,,2023-11-04 21:48:01
2192,,,,,2023-11-04 21:48:01
2193,8.8,5.9,8.5,2.3,2023-11-04 21:48:01
2194,7.4,6.4,6.9,7.9,2023-11-04 21:48:01
2195,,,,,2023-11-04 21:48:01
2196,,,,,2023-11-04 21:48:01
2197,,,,,2023-11-04 21:48:01
2198,5.3,4.9,6.5,5.4,2023-11-04 21:48:01
2199,8.8,5.9,8.5,2.3,2023-11-04 21:48:01
2202,5.3,4.9,6.5,5.4,2023-11-04 21:48:01
2203,7.4,6.4,6.9,7.9,2023-11-04 21:48:01
2204,6.0,6.7,3.6,,2023-11-04 21:48:01
2205,2.5,2.5,1.8,,2023-11-04 21:48:01
2206,,,,,2023-11-04 21:48:01
2207,,,,,2023-11-04 21:48:01
2208,2.5,2.5,1.8,,2023-11-04 21:48:01
2209,6.0,6.7,3.6,,2023-11-04 21:48:01
2210,1.3,1.4,3.0,,2023-11-04 21:48:01
2211,8.8,5.9,8.5,2.3,2023-11-04 21:48:01
2212,7.4,6.4,6.9,7.9,2023-11-04 21:48:01
2213,7.4,6.4,6.9,7.9,2023-11-04 21:48:01
2214,,,,,2023-11-04 21:48:01
2216,,,,,2023-11-04 21:48:01
2217,2.7935,2.0316,4.5005,3.3,2023-11-04 21:48:01
2218,7.4,6.4,6.9,7.9,2023-11-04 21:48:01
2219,6.0,6.7,3.6,8.7,2023-11-04 21:48:01
2220,6.0,6.7,3.6,8.7,2023-11-04 21:48:01
2221,,,,,2023-11-04 21:48:01
2222,,,,,2023-11-04 21:48:01
2223,3.3,3.5,3.5,8.1,2023-11-04 21:48:01
2224,1.3,1.4,3.0,3.3,2023-11-04 21:48:01
2227,1.3,1.4,3.0,3.3,2023-11-04 21:48:01
2230,8.8,5.9,8.5,2.3,2023-11-04 21:48:01
2232,6.0,6.7,3.6,8.7,2023-11-04 21:48:01
2233,5.3,4.9,6.5,5.4,2023-11-04 21:48:01
2235,2.5,2.5,1.8,6.5,2023-11-04 21:48:01
2237,,,,,2023-11-04 21:48:01
2238,,,,,2023-11-04 21:48:01
2239,,,,,2023-11-04 21:48:01
2241,6.2,5.7,7.1,8.3,2023-11-04 21:48:01
2243,6.0,6.7,3.6,8.7,2023-11-04 21:48:01
2244,,,,,2023-11-04 21:48:01
2245,,,,,2023-11-04 21:48:01
2246,6.0,6.7,3.6,8.7,2023-11-04 21:48:01
2247,6.6667,5.7,7.1,8.3,2023-11-04 21:48:01
2248,7.4,6.4,6.9,7.9,2023-11-04 21:48:01
2249,2.5,2.5,1.8,6.5,2023-11-04 21:48:01
2250,7.4,6.4,6.9,7.9,2023-11-04 21:48:01
2251,3.3,3.5,3.5,8.1,2023-11-04 21:48:01
2252,7.4,6.7849,8.5048,1.0885,2023-11-04 21:48:01
2253,8.8,5.9,8.5,2.3,2023-11-04 21:48:01
2254,2.5,2.5,1.8,6.5,2023-11-04 21:48:01
2255,6.0,6.7,3.6,8.7,2023-11-04 21:48:01
2256,,,,,2023-11-04 21:48:01
2257,7.4,6.4,6.9,,2023-11-04 21:48:01
2258,3.3,3.5,3.5,,2023-11-04 21:48:01
2259,6.0,6.7,3.6,,2023-11-04 21:48:01
2260,1.3,1.4,3.0,3.3,2023-11-04 21:48:01
2261,,,,,2023-11-04 21:48:01
2262,7.4,6.4,6.9,7.9,2023-11-04 21:48:01
2263,6.0,6.7,3.6,8.7,2023-11-04 21:48:01
2264,7.4,6.4,6.9,7.9,2023-11-04 21:48:01
2265,6.2,5.7,7.1,8.3,2023-11-04 21:48:01
2266,7.4,6.4,6.9,7.9,2023-11-04 21:48:01
2267,6.0,6.7,3.6,8.7,2023-11-04 21:48:01
2268,7.4,6.4,6.9,7.9,2023-11-04 21:48:01
2269,3.3,3.5,3.5,8.1,2023-11-04 21:48:01
2270,7.4,6.4,6.9,7.9,2023-11-04 21:48:01
2272,1.3,1.4,3.0,3.3,2023-11-04 21:48:01
2273,7.4,6.4,6.9,7.9,2023-11-04 21:48:01
2275,6.0,6.7,3.6,8.7,2023-11-04 21:48:01
2276,1.3,1.4,3.0,3.3,2023-11-04 21:48:01
2277,,,,,2023-11-04 21:48:01
2279,3.3,3.5,3.5,8.1,2023-11-04 21:48:01
2280,3.3,3.5,3.5,8.1,2023-11-04 21:48:01
2284,7.4,6.4,6.9,7.9,2023-11-04 21:48:01
2285,7.4,6.4,6.9,,2023-11-04 21:48:01
2286,7.4,6.4,6.9,,2023-11-04 21:48:01
2287,,,,,2023-11-04 21:48:01
2288,,,,,2023-11-04 21:48:01
2289,,,,,2023-11-04 21:48:01
2290,,,,,2023-11-04 21:48:01
2291,,,,,2023-11-04 21:48:01
2292,5.3,4.9,6.5,5.4,2023-11-04 21:48:01
2293,5.3,4.9,6.5,5.4,2023-11-04 21:48:01
2294,,,,,2023-11-04 21:48:01
2295,,,,,2023-11-04 21:48:01
2296,,,,,2023-11-04 21:48:01
2297,,,,,2023-11-04 21:48:01
2298,,,,,2023-11-04 21:48:01
2299,,,,,2023-11-04 21:48:01
2300,,,,,2023-11-04 21:48:01
2301,2.5,2.5,1.8,6.5,2023-11-04 21:48:01
2302,,,,,2023-11-04 21:48:01
2303,,,,,2023-11-04 21:48:01
2304,3.3,3.5,3.5,8.1,2023-11-04 21:48:01
2305,2.2267,2.5329,5.0175,8.5088,2023-11-04 21:48:01
2308,,,,,2023-11-04 21:48:01
2309,,,,,2023-11-04 21:48:01
2310,,,,,2023-11-04 21:48:01
2311,,,,,2023-11-04 21:48:01
2312,8.8,5.9,8.5,,2023-11-04 21:48:01
2313,,,,,2023-11-04 21:48:01
2314,3.3,3.5,3.5,,2023-11-04 21:48:01
2315,7.4,6.4,6.9,7.9,2023-11-04 21:48:01
2316,,,,,2023-11-04 21:48:01
2317,3.3,3.5,3.5,8.1,2023-11-04 21:48:01
2318,3.3,3.5,3.5,8.1,2023-11-04 21:48:01
2320,6.0,6.7,3.6,,2023-11-04 21:48:01
2321,6.0,6.7,3.6,,2023-11-04 21:48:01
2322,,,,,2023-11-04 21:48:01
2323,2.5,2.5,1.8,,2023-11-04 21:48:01
2324,,,,,2023-11-04 21:48:01
2325,2.5,2.5,1.8,6.5,2023-11-04 21:48:01
2326,7.4,6.4,6.9,7.9,2023-11-04 21:48:01
2327,,,,,2023-11-04 21:48:01
2328,6.0,6.7,3.6,8.7,2023-11-04 21:48:01
2329,,,,,2023-11-04 21:48:01
2330,2.5,2.5,1.8,6.5,2023-11-04 21:48:01
2331,7.4,6.4,6.9,7.9,2023-11-04 21:48:01
2333,3.3,3.5,3.5,8.1,2023-11-04 21:48:01
2334,1.3,1.4,3.0,3.3,2023-11-04 21:48:01
2335,1.3,1.4,3.0,3.3,2023-11-04 21:48:01
2337,3.3,3.5,3.5,8.1,2023-11-04 21:48:01
2338,,,,,2023-11-04 21:48:01
2339,7.4,6.4,6.9,7.9,2023-11-04 21:48:01
2340,,,,,2023-11-04 21:48:01
2341,3.3,3.5,3.5,,2023-11-04 21:48:01
2342,6.0,6.7,3.6,,2023-11-04 21:48:01
2343,,,,,2023-11-04 21:48:01
2344,,,,,2023-11-04 21:48:01
2345,,,,,2023-11-04 21:48:01
2346,3.3,3.5,3.5,8.1,2023-11-04 21:48:01
2347,6.0,6.7,3.6,8.7,2023-11-04 21:48:01
2348,7.4,6.4,6.9,7.9,2023-11-04 21:48:01
2349,2.5,2.5,1.8,6.5,2023-11-04 21:48:01
2350,,,,,2023-11-04 21:48:01
2352,,,,,2023-11-04 21:48:01
2353,,,,,2023-11-04 21:48:01
2354,,,,,2023-11-04 21:48:01
2355,8.8,5.9,8.5,,2023-11-04 21:48:01
2356,8.8,5.9,8.5,,2023-11-04 21:48:01
2357,,,,,2023-11-04 21:48:01
2358,7.4,6.4,6.9,7.9,2023-11-04 21:48:01
2360,7.4,6.4,6.9,,2023-11-04 21:48:01
2361,8.8,5.9,8.5,,2023-11-04 21:48:01
2362,7.4,6.4,6.9,7.9,2023-11-04 21:48:01
2363,7.4,6.4,6.9,7.9,2023-11-04 21:48:01
2364,3.3,3.5,3.5,8.1,2023-11-04 21:48:01
2365,7.4,6.4,6.9,7.9,2023-11-04 21:48:01
2366,7.4,6.4,6.9,7.9,2023-11-04 21:48:01
2367,6.0,6.7,3.6,8.7,2023-11-04 21:48:01
2368,8.8,5.9,8.5,2.3,2023-11-04 21:48:01
2369,,,,,2023-11-04 21:48:01
2370,3.3,3.5,3.5,8.1,2023-11-04 21:48:01
2371,,,,,2023-11-04 21:48:01
2372,8.8,5.9,8.5,2.3,2023-11-04 21:48:01
2373,2.5,2.5,1.8,6.5,2023-11-04 21:48:01
2374,3.3,3.5,3.5,8.1,2023-11-04 21:48:01
2375,6.0,6.7,3.6,8.7,2023-11-04 21:48:01
2376,1.3,1.4,3.0,3.3,2023-11-04 21:48:01
2379,3.3,3.5,3.5,8.1,2023-11-04 21:48:01
2380,8.8,5.9,8.5,2.3,2023-11-04 21:48:01
2381,,,,,2023-11-04 21:48:01
2382,2.5,2.5,1.8,6.5,2023-11-04 21:48:01
2383,,,,,2023-11-04 21:48:01
2384,3.3,3.5,3.5,8.1,2023-11-04 21:48:01
2385,2.5,2.5,1.8,6.5,2023-11-04 21:48:01
2386,3.3,3.5,3.5,8.1,2023-11-04 21:48:01
2387,8.8,5.9,8.5,2.3,2023-11-04 21:48:01
2388,6.0,6.7,3.6,8.7,2023-11-04 21:48:01
2389,1.3,1.4,3.0,3.3,2023-11-04 21:48:01
2390,6.2,5.7,7.1,8.3,2023-11-04 21:48:01
2391,8.8,5.9,8.5,2.3,2023-11-04 21:48:01
2392,6.0,6.7,3.6,8.7,2023-11-04 21:48:01
2393,3.3,3.5,3.5,8.1,2023-11-04 21:48:01
2394,,,,,2023-11-04 21:48:01
2395,6.2,5.7,7.1,8.3,2023-11-04 21:48:01
2398,8.8,5.9,8.5,2.3,2023-11-04 21:48:01
2399,7.4,6.4,6.9,7.9,2023-11-04 21:48:01
2400,1.3,1.4,3.0,3.3,2023-11-04 21:48:01
2402,5.3,4.9,6.5,5.4,2023-11-04 21:48:01
2403,5.3,4.9,6.5,5.4,2023-11-04 21:48:01
2404,8.8,5.9,8.5,,2023-11-04 21:48:01
2405,,,,,2023-11-04 21:48:01
2406,3.3,3.5,3.5,8.1,2023-11-04 21:48:01
2407,3.3,3.5,3.5,8.1,2023-11-04 21:48:01
2408,3.3,3.5,3.5,8.1,2023-11-04 21:48:01
2409,7.4,6.4,6.9,7.9,2023-11-04 21:48:01
2410,6.0,6.7,3.6,,2023-11-04 21:48:01
2411,8.8,5.9,8.5,,2023-11-04 21:48:01
2412,,,,,2023-11-04 21:48:01
2413,,,,,2023-11-04 21:48:01
2414,8.8,5.9,8.5,2.3,2023-11-04 21:48:01
2415,1.3,1.4,3.0,3.3,2023-11-04 21:48:01
2416,1.3,1.4,3.0,3.3,2023-11-04 21:48:01
2417,5.3,4.9,6.5,5.4,2023-11-04 21:48:01
2420,6.2,5.7,7.1,8.3,2023-11-04 21:48:01
2421,2.5,2.5,1.8,,2023-11-04 21:48:01
2422,3.3,3.5,3.5,8.1,2023-11-04 21:48:01
2423,6.2,5.7,7.1,8.3,2023-11-04 21:48:01
2424,3.3,3.5,3.5,8.1,2023-11-04 21:48:01
2425,8.8,5.9,8.5,2.3,2023-11-04 21:48:01
2427,3.3,3.5,3.5,,2023-11-04 21:48:01
2428,5.3,4.9,6.5,5.4,2023-11-04 21:48:01
2429,6.0,6.7,3.6,8.7,2023-11-04 21:48:01
2430,6.0,6.7,3.6,8.7,2023-11-04 21:48:01
2431,7.4,6.4,6.9,7.9,2023-11-04 21:48:01
2432,8.8,5.9,8.5,2.3,2023-11-04 21:48:01
2433,3.3,3.5,3.5,8.1,2023-11-04 21:48:01
2434,7.4,6.4,6.9,7.9,2023-11-04 21:48:01
2437,1.3,1.4,3.0,,2023-11-04 21:48:01
2439,5.3,4.9,6.5,,2023-11-04 21:48:01
2440,6.0,6.7,3.6,,2023-11-04 21:48:01
2441,6.0,6.7,3.6,,2023-11-04 21:48:01
2442,7.4,6.4,6.9,7.9,2023-11-04 21:48:01
2443,7.4,6.4,6.9,7.9,2023-11-04 21:48:01
2447,7.4,6.4,6.9,7.9,2023-11-04 21:48:01
2448,6.0,6.7,3.6,,2023-11-04 21:48:01
2449,,,,,2023-11-04 21:48:01
2450,8.8,5.9,8.5,,2023-11-04 21:48:01
2451,,,,,2023-11-04 21:48:01
2452,,,,,2023-11-04 21:48:01
2453,6.0,6.7,3.6,,2023-11-04 21:48:01
2455,6.0,6.7,3.6,,2023-11-04 21:48:01
2456,6.0,6.7,3.6,,2023-11-04 21:48:01
2457,6.0,6.7,3.6,8.7,2023-11-04 21:48:01
2458,5.3,4.9,6.5,5.4,2023-11-04 21:48:01
2459,6.0,6.7,3.6,8.7,2023-11-04 21:48:01
2461,6.0,6.7,3.6,8.7,2023-11-04 21:48:01
2462,6.0,6.7,3.6,8.7,2023-11-04 21:48:01
2463,8.8,5.9,8.5,2.3,2023-11-04 21:48:01
2464,6.2,5.7,7.1,8.3,2023-11-04 21:48:01
2465,1.3,1.4,3.0,3.3,2023-11-04 21:48:01
2466,6.2,5.7,7.1,8.3,2023-11-04 21:48:01
2467,5.3,4.9,6.5,,2023-11-04 21:48:01
2468,6.0,6.7,3.6,,2023-11-04 21:48:01
2469,6.0,6.7,3.6,,2023-11-04 21:48:01
2470,,,,,2023-11-04 21:48:01
2471,7.4,6.4,6.9,,2023-11-04 21:48:01
2472,6.0,6.7,3.6,8.7,2023-11-04 21:48:01
2473,6.0,6.7,3.6,8.7,2023-11-04 21:48:01
2474,3.3,3.5,3.5,8.1,2023-11-04 21:48:01
2475,1.3,1.4,3.0,3.3,2023-11-04 21:48:01
2477,6.0,6.7,3.6,8.7,2023-11-04 21:48:01
2478,1.3,1.4,3.0,3.3,2023-11-04 21:48:01
2479,3.3,3.5,3.5,8.1,2023-11-04 21:48:01
2481,6.2,5.7,7.1,8.3,2023-11-04 21:48:01
2486,6.2,5.7,7.1,8.3,2023-11-04 21:48:01
2488,,,,,2023-11-04 21:48:01
2501,6.0,6.7,3.6,8.7,2023-11-04 21:48:01
2503,8.8,5.9,8.5,2.3,2023-11-04 21:48:01
2504,8.8,5.9,8.5,2.3,2023-11-04 21:48:01
2508,3.3,3.5,3.5,8.1,2023-11-04 21:48:01
2514,7.4,6.4,6.9,7.9,2023-11-04 21:48:01
2517,6.0,6.7,3.6,8.7,2023-11-04 21:48:01
2518,7.4,6.4,6.9,7.9,2023-11-04 21:48:01
2523,6.0,6.7,3.6,8.7,2023-11-04 21:48:01
2525,7.4,6.4,6.9,7.9,2023-11-04 21:48:01
2526,1.3,1.4,3.0,3.3,2023-11-04 21:48:01
2527,7.4,6.4,6.9,,2023-11-04 21:48:01
2529,8.8,5.9,8.5,,2023-11-04 21:48:01
2531,6.0,6.7,3.6,,2023-11-04 21:48:01
2533,6.0,6.7,3.6,,2023-11-04 21:48:01
2535,6.0,6.7,3.6,,2023-11-04 21:48:01
2536,5.3,4.9,6.5,,2023-11-04 21:48:01
2538,6.0,6.7,3.6,,2023-11-04 21:48:01
2539,6.2,5.7,7.1,8.3,2023-11-04 21:48:01
2542,6.2,5.7,7.1,8.3,2023-11-04 21:48:01
2544,,,,,2023-11-04 21:48:01
2549,3.3,3.5,3.5,,2023-11-04 21:48:01
2556,5.3,4.9,6.5,5.4,2023-11-04 21:48:01
2557,1.3,1.4,3.0,3.3,2023-11-04 21:48:01
2561,7.4,6.4,6.9,,2023-11-04 21:48:01
2562,,,,,2023-11-04 21:48:01
2563,5.3,4.9,6.5,5.4,2023-11-04 21:48:01
2564,6.2,5.7,7.1,8.3,2023-11-04 21:48:01
2565,7.4,6.4,6.9,,2023-11-04 21:48:01
2566,5.3,4.9,6.5,,2023-11-04 21:48:01
2567,2.5,2.5,1.8,6.5,2023-11-04 21:48:01
2568,1.3,1.4,3.0,3.3,2023-11-04 21:48:01
2569,6.2,5.7,7.1,8.3,2023-11-04 21:48:01
2570,2.5,2.5,1.8,6.5,2023-11-04 21:48:01
2571,3.3,3.5,3.5,8.1,2023-11-04 21:48:01
2572,1.3,1.4,3.0,3.3,2023-11-04 21:48:01
2573,7.4,6.4,6.9,7.9,2023-11-04 21:48:01
2574,7.4,6.4,6.9,7.9,2023-11-04 21:48:01
2575,6.0,6.7,3.6,8.7,2023-11-04 21:48:01
2576,,,,,2023-11-04 21:48:01
2577,,,,,2023-11-04 21:48:01
2578,,,,,2023-11-04 21:48:01
2579,,,,,2023-11-04 21:48:01
2581,8.8,5.9,8.5,2.3,2023-11-04 21:48:01
2583,6.2,5.7,7.1,8.3,2023-11-04 21:48:01
2584,1.3,1.4,3.0,3.3,2023-11-04 21:48:01
2585,7.4,6.4,6.9,7.9,2023-11-04 21:48:01
2586,7.4,6.4,6.9,7.9,2023-11-04 21:48:01
2587,6.0,6.7,3.6,8.7,2023-11-04 21:48:01
2588,,,,,2023-11-04 21:48:01
2589,7.4,6.4,6.9,7.9,2023-11-04 21:48:01
2590,1.3,1.4,3.0,3.3,2023-11-04 21:48:01
2592,6.0,6.7,3.6,8.7,2023-11-04 21:48:01
2593,6.2,5.7,7.1,8.3,2023-11-04 21:48:01
2594,3.3,3.5,3.5,8.1,2023-11-04 21:48:01
2595,6.0,6.7,3.6,8.7,2023-11-04 21:48:01
2596,1.3,1.4,3.0,3.3,2023-11-04 21:48:01
2597,7.4,6.4,6.9,7.9,2023-11-04 21:48:01
2598,1.3,1.4,3.0,,2023-11-04 21:48:01
2599,8.8,5.9,8.5,2.3,2023-11-04 21:48:01
2600,8.8,5.9,8.5,2.3,2023-11-04 21:48:01
2601,6.0,6.7,3.6,8.7,2023-11-04 21:48:01
2602,7.4,6.4,6.9,7.9,2023-11-04 21:48:01
2603,,,,,2023-11-04 21:48:01
2604,1.3,1.4,3.0,3.3,2023-11-04 21:48:01
2605,7.4,6.4,6.9,7.9,2023-11-04 21:48:01
2606,1.3,1.4,3.0,3.3,2023-11-04 21:48:01
2607,1.3,1.4,3.0,3.3,2023-11-04 21:48:01
2608,7.4,6.4,6.9,7.9,2023-11-04 21:48:01
2610,8.8,5.9,8.5,2.3,2023-11-04 21:48:01
2612,8.8,5.9,8.5,2.3,2023-11-04 21:48:01
2614,6.0,6.7,3.6,8.7,2023-11-04 21:48:01
2615,7.4,6.4,6.9,7.9,2023-11-04 21:48:01
2617,3.3,3.5,3.5,8.1,2023-11-04 21:48:01
2618,3.3,3.5,3.5,8.1,2023-11-04 21:48:01
2619,3.3,3.5,3.5,8.1,2023-11-04 21:48:01
2620,7.4,6.4,6.9,7.9,2023-11-04 21:48:01
2621,1.3,1.4,3.0,3.3,2023-11-04 21:48:01
2622,,,,,2023-11-04 21:48:01
2623,8.8,5.9,8.5,2.3,2023-11-04 21:48:01
2624,7.4,6.4,6.9,7.9,2023-11-04 21:48:01
2625,3.3,3.5,3.5,8.1,2023-11-04 21:48:01
2626,8.8,5.9,8.5,,2023-11-04 21:48:01
2627,,,,,2023-11-04 21:48:01
2628,3.3,3.5,3.5,8.1,2023-11-04 21:48:01
2630,6.0,6.7,3.6,,2023-11-04 21:48:01
2631,5.5556,2.5,1.8,6.5,2023-11-04 21:48:01
2632,,,,,2023-11-04 21:48:01
2633,7.4,6.4,6.9,,2023-11-04 21:48:01
2634,6.0,6.7,3.6,8.7,2023-11-04 21:48:01
2635,8.8,5.9,8.5,2.3,2023-11-04 21:48:01
2636,,,,,2023-11-04 21:48:01
2637,8.8,5.9,8.5,2.3,2023-11-04 21:48:01
2638,6.0,6.7,3.6,8.7,2023-11-04 21:48:01
2639,6.0,6.7,3.6,8.7,2023-11-04 21:48:01
2640,8.8,5.9,8.5,2.3,2023-11-04 21:48:01
2641,3.3,3.5,3.5,8.1,2023-11-04 21:48:01
2642,8.8,5.9,8.5,2.3,2023-11-04 21:48:01
2643,6.0,6.7,3.6,8.7,2023-11-04 21:48:01
2644,1.3,1.4,3.0,3.3,2023-11-04 21:48:01
2645,8.8,5.9,8.5,2.3,2023-11-04 21:48:01
2646,6.0,6.7,3.6,8.7,2023-11-04 21:48:01
2647,6.0,6.7,3.6,8.7,2023-11-04 21:48:01
2648,8.8,5.9,8.5,2.3,2023-11-04 21:48:01
2649,,,,,2023-11-04 21:48:01
2650,6.0,6.7,3.6,,2023-11-04 21:48:01
2651,2.5,2.5,1.8,6.5,2023-11-04 21:48:01
2652,,,,,2023-11-04 21:48:01
2654,8.8,5.9,8.5,2.3,2023-11-04 21:48:01
2655,6.0,6.7,3.6,,2023-11-04 21:48:01
2656,7.4,6.4,6.9,,2023-11-04 21:48:01
2657,3.3,3.5,3.5,,2023-11-04 21:48:01
2659,7.4,6.4,6.9,7.9,2023-11-04 21:48:01
2660,,,,,2023-11-04 21:48:01
2668,3.3,3.5,3.5,8.1,2023-11-04 21:48:01
2669,3.3,3.5,3.5,8.1,2023-11-04 21:48:01
2670,1.3,1.4,3.0,3.3,2023-11-04 21:48:01
2671,7.4,6.4,6.9,7.9,2023-11-04 21:48:01
2672,7.4,6.4,6.9,7.9,2023-11-04 21:48:01
2673,7.4,6.4,6.9,7.9,2023-11-04 21:48:01
2674,7.4,6.4,6.9,7.9,2023-11-04 21:48:01
2675,6.0,6.7,3.6,8.7,2023-11-04 21:48:01
2676,8.8,5.9,8.5,2.3,2023-11-04 21:48:01
2677,5.3,4.9,6.5,5.4,2023-11-04 21:48:01
2678,5.3,4.9,6.5,5.4,2023-11-04 21:48:01
2679,8.8,5.9,8.5,2.3,2023-11-04 21:48:01
2681,8.8,5.9,8.5,2.3,2023-11-04 21:48:01
2683,6.2,5.7,7.1,8.3,2023-11-04 21:48:01
2684,8.8,5.9,8.5,2.3,2023-11-04 21:48:01
2685,8.8,5.9,8.5,2.3,2023-11-04 21:48:01
2686,,,,,2023-11-04 21:48:01
2687,,,,,2023-11-04 21:48:01
2688,6.0,6.7,3.6,8.7,2023-11-04 21:48:01
2689,,,,,2023-11-04 21:48:01
2690,1.3,1.4,3.0,3.3,2023-11-04 21:48:01
2691,6.0,6.7,3.6,8.7,2023-11-04 21:48:01
2692,8.8,5.9,8.5,2.3,2023-11-04 21:48:01
2693,7.4,6.4,6.9,7.9,2023-11-04 21:48:01
2695,8.8,5.9,8.5,2.3,2023-11-04 21:48:01
2696,7.4,6.4,6.9,7.9,2023-11-04 21:48:01
2697,6.2,5.7,7.1,8.3,2023-11-04 21:48:01
2698,7.4,6.4,6.9,7.9,2023-11-04 21:48:01
2699,8.8,5.9,8.5,2.3,2023-11-04 21:48:01
2700,6.2,5.7,7.1,8.3,2023-11-04 21:48:01
2701,6.0,6.7,3.6,8.7,2023-11-04 21:48:01
2702,8.8,5.9,8.5,2.3,2023-11-04 21:48:01
2703,5.3,4.9,6.5,5.4,2023-11-04 21:48:01
2704,5.3,4.9,6.5,5.4,2023-11-04 21:48:01
2705,8.8,5.9,8.5,2.3,2023-11-04 21:48:01
2706,5.3,4.9,6.5,5.4,2023-11-04 21:48:01
2707,5.3,4.9,6.5,5.4,2023-11-04 21:48:01
2708,5.3,4.9,6.5,5.4,2023-11-04 21:48:01
2709,6.2,5.7,7.1,8.3,2023-11-04 21:48:01
2710,,,,,2023-11-04 21:48:01
2711,7.4,6.4,6.9,7.9,2023-11-04 21:48:01
2712,5.3,4.9,6.5,5.4,2023-11-04 21:48:01
2713,6.2,5.7,7.1,8.3,2023-11-04 21:48:01
2714,6.0,6.7,3.6,8.7,2023-11-04 21:48:01
2715,8.8,5.9,8.5,2.3,2023-11-04 21:48:01
2716,3.3,3.5,3.5,8.1,2023-11-04 21:48:01
2717,7.4,6.4,6.9,7.9,2023-11-04 21:48:01
2718,8.8,5.9,8.5,,2023-11-04 21:48:01
2719,7.4,6.4,6.9,7.9,2023-11-04 21:48:01
2720,6.0,6.7,3.6,8.7,2023-11-04 21:48:01
2721,2.5,2.5,1.8,6.5,2023-11-04 21:48:01
2723,7.4,6.4,6.9,7.9,2023-11-04 21:48:01
2724,1.3,1.4,3.0,3.3,2023-11-04 21:48:01
2725,6.0,6.7,3.6,,2023-11-04 21:48:01
2726,8.8,5.9,8.5,,2023-11-04 21:48:01
2727,8.8,5.9,8.5,,2023-11-04 21:48:01
2729,8.8,5.9,8.5,2.3,2023-11-04 21:48:01
2730,,,,,2023-11-04 21:48:01
2731,6.0,6.7,3.6,8.7,2023-11-04 21:48:01
2732,3.3,3.5,3.5,8.1,2023-11-04 21:48:01
2733,,,,,2023-11-04 21:48:01
2734,7.4,6.4,6.9,7.9,2023-11-04 21:48:01
2735,,,,,2023-11-04 21:48:01
2736,2.5,2.5,1.8,6.5,2023-11-04 21:48:01
2737,6.0,6.7,3.6,8.7,2023-11-04 21:48:01
2738,,,,,2023-11-04 21:48:01
2739,6.0,6.7,3.6,8.7,2023-11-04 21:48:01
2740,3.3,3.5,3.5,8.1,2023-11-04 21:48:01
2741,6.0,6.7,3.6,,2023-11-04 21:48:01
2742,1.3,1.4,3.0,3.3,2023-11-04 21:48:01
2744,7.4,6.4,6.9,7.9,2023-11-04 21:48:01
2745,8.8,5.9,8.5,2.3,2023-11-04 21:48:01
2746,6.0,6.7,3.6,8.7,2023-11-04 21:48:01
2747,,,,,2023-11-04 21:48:01
2748,,,,,2023-11-04 21:48:01
2749,,,,,2023-11-04 21:48:01
2750,6.2,5.7,7.1,8.3,2023-11-04 21:48:01
2751,6.0,6.7,3.6,8.7,2023-11-04 21:48:01
2752,6.0,6.7,3.6,8.7,2023-11-04 21:48:01
2754,8.8,5.9,8.5,2.3,2023-11-04 21:48:01
2755,2.5,2.5,1.8,6.5,2023-11-04 21:48:01
2756,6.0,6.7,3.6,8.7,2023-11-04 21:48:01
2758,6.0,6.7,3.6,8.7,2023-11-04 21:48:01
2759,6.0,6.7,3.6,,2023-11-04 21:48:01
2760,,,,,2023-11-04 21:48:01
2761,,,,,2023-11-04 21:48:01
2762,,,,,2023-11-04 21:48:01
2763,3.3,3.5,3.5,8.1,2023-11-04 21:48:01
2764,,,,,2023-11-04 21:48:01
2765,,,,,2023-11-04 21:48:01
2766,,,,,2023-11-04 21:48:01
2768,,,,,2023-11-04 21:48:01
2769,,,,,2023-11-04 21:48:01
2770,7.4,6.4,6.9,7.9,2023-11-04 21:48:01
2771,,,,,2023-11-04 21:48:01
2772,6.0,6.7,3.6,8.7,2023-11-04 21:48:01
2774,,,,,2023-11-04 21:48:01
2775,8.8,5.9,8.5,2.3,2023-11-04 21:48:01
2776,1.3,1.4,3.0,3.3,2023-11-04 21:48:01
2778,2.5,2.5,1.8,6.5,2023-11-04 21:48:01
2779,,,,,2023-11-04 21:48:01
2780,7.4,6.4,6.9,7.9,2023-11-04 21:48:01
2781,8.8,5.9,8.5,2.3,2023-11-04 21:48:01
2782,8.8,5.9,8.5,2.3,2023-11-04 21:48:01
2783,6.2,5.7,7.1,8.3,2023-11-04 21:48:01
2784,3.3,3.5,3.5,,2023-11-04 21:48:01
2785,2.5,2.5,1.8,,2023-11-04 21:48:01
2787,6.0,6.7,3.6,,2023-11-04 21:48:01
2788,6.0,6.7,3.6,8.7,2023-11-04 21:48:01
2789,8.8,5.9,8.5,2.3,2023-11-04 21:48:01
2790,3.3,3.5,3.5,8.1,2023-11-04 21:48:01
2791,8.8,5.9,8.5,,2023-11-04 21:48:01
2792,1.3,1.4,3.0,3.3,2023-11-04 21:48:01
2794,6.0,6.7,3.6,8.7,2023-11-04 21:48:01
2795,7.4,6.4,6.9,7.9,2023-11-04 21:48:01
2796,6.0,6.7,3.6,8.7,2023-11-04 21:48:01
2797,3.3,3.5,3.5,8.1,2023-11-04 21:48:01
2798,8.8,5.9,8.5,2.3,2023-11-04 21:48:01
2799,6.0,6.7,3.6,,2023-11-04 21:48:01
2800,6.0,6.7,3.6,,2023-11-04 21:48:01
2801,6.0,6.7,3.6,8.7,2023-11-04 21:48:01
2802,,,,,2023-11-04 21:48:01
2803,6.2,5.7,7.1,8.3,2023-11-04 21:48:01
2804,2.5,2.5,1.8,6.5,2023-11-04 21:48:01
2805,6.0,6.7,3.6,8.7,2023-11-04 21:48:01
2806,8.8,5.9,8.5,,2023-11-04 21:48:01
2807,8.8,5.9,8.5,2.3,2023-11-04 21:48:01
2808,6.0,6.7,3.6,8.7,2023-11-04 21:48:01
2809,8.8,5.9,8.5,2.3,2023-11-04 21:48:01
2810,2.5,2.5,1.8,6.5,2023-11-04 21:48:01
2811,6.0,6.7,3.6,8.7,2023-11-04 21:48:01
2813,2.5,2.5,1.8,6.5,2023-11-04 21:48:01
2814,7.4,6.4,6.9,7.9,2023-11-04 21:48:01
2815,1.3,1.4,3.0,,2023-11-04 21:48:01
2816,7.4,6.4,6.9,7.9,2023-11-04 21:48:01
2817,6.0,6.7,3.6,,2023-11-04 21:48:01
2818,6.0,6.7,3.6,,2023-11-04 21:48:01
2819,,,,,2023-11-04 21:48:01
2820,8.8,5.9,8.5,,2023-11-04 21:48:01
2821,,,,,2023-11-04 21:48:01
2823,8.8,5.9,8.5,2.3,2023-11-04 21:48:01
2824,5.3,4.9,6.5,5.4,2023-11-04 21:48:01
2826,8.8,5.9,8.5,,2023-11-04 21:48:01
2827,7.4,6.4,6.9,,2023-11-04 21:48:01
2828,1.3,1.4,3.0,,2023-11-04 21:48:01
2831,,,,,2023-11-04 21:48:01
2832,8.8,5.9,8.5,2.3,2023-11-04 21:48:01
2835,8.8,5.9,8.5,,2023-11-04 21:48:01
2836,7.4,6.4,6.9,7.9,2023-11-04 21:48:01
2838,3.3,3.5,3.5,8.1,2023-11-04 21:48:01
2840,8.8,5.9,8.5,2.3,2023-11-04 21:48:01
2847,,,,,2023-11-04 21:48:01
2850,,,,,2023-11-04 21:48:01
2851,8.8,5.9,8.5,,2023-11-04 21:48:01
2852,1.3,1.4,3.0,,2023-11-04 21:48:01
2853,,,,,2023-11-04 21:48:01
2854,8.8,5.9,8.5,2.3,2023-11-04 21:48:01
2855,6.0,6.7,3.6,8.7,2023-11-04 21:48:01
2856,3.3,3.5,3.5,8.1,2023-11-04 21:48:01
2857,6.0,6.7,3.6,8.7,2023-11-04 21:48:01
2858,6.0,6.7,3.6,8.7,2023-11-04 21:48:01
2859,,,,,2023-11-04 21:48:01
2860,8.8,5.9,8.5,2.3,2023-11-04 21:48:01
2861,,,,,2023-11-04 21:48:01
2862,7.4,6.4,6.9,7.9,2023-11-04 21:48:01
2864,,,,,2023-11-04 21:48:01
2865,2.5,2.5,1.8,6.5,2023-11-04 21:48:01
2866,2.5,2.5,1.8,6.5,2023-11-04 21:48:01
2869,6.0,6.7,3.6,8.7,2023-11-04 21:48:01
2870,6.0,6.7,3.6,8.7,2023-11-04 21:48:01
2871,7.4,6.4,6.9,7.9,2023-11-04 21:48:01
2873,7.4,6.4,6.9,7.9,2023-11-04 21:48:01
2874,8.8,5.9,8.5,2.3,2023-11-04 21:48:01
2875,,,,,2023-11-04 21:48:01
2876,8.8,5.9,8.5,2.3,2023-11-04 21:48:01
2877,3.3,3.5,3.5,8.1,2023-11-04 21:48:01
2878,,,,,2023-11-04 21:48:01
2879,,,,,2023-11-04 21:48:01
2880,8.8,5.9,8.5,2.3,2023-11-04 21:48:01
2881,,,,,2023-11-04 21:48:01
2882,,,,,2023-11-04 21:48:01
2883,,,,,2023-11-04 21:48:01
2884,7.4,6.4,6.9,7.9,2023-11-04 21:48:01
2885,,,,,2023-11-04 21:48:01
2886,,,,,2023-11-04 21:48:01
2887,6.0,6.7,3.6,8.7,2023-11-04 21:48:01
2888,8.8,5.9,8.5,2.3,2023-11-04 21:48:01
2889,8.8,5.9,8.5,,2023-11-04 21:48:01
2890,8.8,5.9,8.5,2.3,2023-11-04 21:48:01
2891,,,,,2023-11-04 21:48:01
2892,1.3,1.4,3.0,3.3,2023-11-04 21:48:01
2893,7.4,6.4,6.9,7.9,2023-11-04 21:48:01
2895,2.5,2.5,1.8,6.5,2023-11-04 21:48:01
2896,1.3,1.4,3.0,3.3,2023-11-04 21:48:01
2897,,,,,2023-11-04 21:48:01
2898,8.8,5.9,8.5,2.3,2023-11-04 21:48:01
2901,8.8,5.9,8.5,2.3,2023-11-04 21:48:01
2902,8.8,5.9,8.5,2.3,2023-11-04 21:48:01
